code,fund_type,name,today,net_value,accumulative_value,rate_day,rate_recent_week,rate_recent_month,rate_recent_3month,rate_recent_6month,rate_recent_year,rate_recent_2year,rate_recent_3year,rate_from_this_year,rate_from_begin,rate_buy,url
002251,hh,华夏军工安全混合,2021-11-12,2.134,2.134,4.15,9.27,25.53,7.94,59.13,61.79,145.01,165.42,21.87,113.4,0.15%,http://fund.eastmoney.com/002251.html
001404,gp,招商移动互联网产业股票基金,2021-11-12,1.822,1.822,-0.27,8.97,25.4,2.94,67.77,48.73,117.68,191.52,48.61,82.2,0.15%,http://fund.eastmoney.com/001404.html
004666,hh,长城久嘉创新成长混合A,2021-11-12,2.1884,2.1884,0.38,7.98,25.17,11.15,69.42,53.85,123.95,159.9,53.08,118.84,0.15%,http://fund.eastmoney.com/004666.html
213002,hh,宝盈泛沿海增长混合,2021-11-12,1.1282,3.1968,2.94,5.92,23.91,9.51,46.67,36.76,67.35,132.49,29.57,365.93,0.15%,http://fund.eastmoney.com/213002.html
005774,hh,华夏产业升级混合,2021-11-12,2.4687,2.4687,3.99,9.64,23.9,7.22,58.93,55.39,114.48,151.45,18.58,146.87,0.15%,http://fund.eastmoney.com/005774.html
160643,gp,鹏华空天军工指数(LOF)A,2021-11-12,1.8447,1.8447,3.76,8.23,23.66,10.65,55.79,52.61,132.83,152.98,17.05,84.47,0.12%,http://fund.eastmoney.com/160643.html
010364,gp,鹏华空天军工指数(LOF)C,2021-11-12,1.4794,1.4794,3.76,8.23,23.64,10.63,55.73,52.47,,,16.96,47.94,0.00%,http://fund.eastmoney.com/010364.html
002983,hh,长信国防军工量化混合A,2021-11-12,2.0745,2.0745,4.07,8.99,23.6,13.52,61.75,57.8,180.53,216.33,34.9,107.45,0.15%,http://fund.eastmoney.com/002983.html
008960,hh,长信国防军工量化混合C,2021-11-12,2.061,2.061,4.08,8.98,23.55,13.41,61.43,57.18,,,34.44,115.83,0.00%,http://fund.eastmoney.com/008960.html
001675,hh,江信同福A,2021-11-12,2.0141,2.0526,3.01,8.48,23.49,10.3,71.94,78.22,95.87,148.23,59.08,109.17,0.05%,http://fund.eastmoney.com/001675.html
000794,hh,宝盈睿丰创新混合A/B,2021-11-12,3.506,3.506,2.66,5.44,23.45,12.08,51.77,43.28,130.05,224.63,33.0,250.6,0.12%,http://fund.eastmoney.com/000794.html
001676,hh,江信同福C,2021-11-12,1.954,1.9875,3.02,8.47,23.44,10.16,71.52,77.35,93.83,144.77,58.39,101.94,0.00%,http://fund.eastmoney.com/001676.html
000796,hh,宝盈睿丰创新混合C,2021-11-12,3.118,3.118,2.67,5.44,23.39,11.88,51.21,42.11,126.43,216.87,32.12,211.8,0.00%,http://fund.eastmoney.com/000796.html
580009,hh,东吴多策略混合A,2021-11-12,2.5159,3.2789,3.45,9.72,23.27,9.5,67.4,60.85,120.93,189.62,34.79,368.02,0.15%,http://fund.eastmoney.com/580009.html
001822,hh,华商智能生活灵活配置混合,2021-11-12,3.17,3.17,1.96,2.76,23.2,14.52,80.73,98.87,231.24,306.41,72.66,217.0,0.15%,http://fund.eastmoney.com/001822.html
004224,hh,南方军工改革灵活配置混合A,2021-11-12,1.7662,1.7662,3.77,8.51,23.2,6.81,50.53,52.79,148.2,193.29,21.99,76.62,0.15%,http://fund.eastmoney.com/004224.html
010135,hh,泰达高研发6个月持有混合A,2021-11-12,1.5785,1.5785,1.08,-1.2,23.06,10.65,88.14,64.02,,,65.6,57.85,0.15%,http://fund.eastmoney.com/010135.html
010136,hh,泰达高研发6个月持有混合C,2021-11-12,1.5732,1.5732,1.07,-1.21,23.03,10.56,87.84,63.53,,,65.17,57.32,0.00%,http://fund.eastmoney.com/010136.html
001576,gp,国泰智能装备股票A,2021-11-12,3.431,3.431,0.65,3.69,22.93,12.31,55.04,51.55,205.25,274.97,38.07,243.1,0.15%,http://fund.eastmoney.com/001576.html
002256,hh,金信行业优选混合发起式,2021-11-12,2.691,2.691,0.37,5.82,22.71,9.35,57.55,63.09,157.02,287.19,47.61,169.1,0.15%,http://fund.eastmoney.com/002256.html
000689,hh,前海开源新经济混合A,2021-11-12,3.5688,3.6788,1.01,5.25,22.63,12.54,123.33,157.86,255.81,295.65,111.42,292.21,0.15%,http://fund.eastmoney.com/000689.html
000690,hh,前海开源大海洋混合,2021-11-12,2.753,2.753,4.08,9.72,22.52,9.38,56.51,67.76,156.57,230.49,30.47,175.3,0.15%,http://fund.eastmoney.com/000690.html
007872,hh,金信稳健策略灵活配置混合,2021-11-12,2.2573,2.2573,0.52,5.98,22.5,6.81,57.62,71.23,,,56.28,125.73,0.15%,http://fund.eastmoney.com/007872.html
519918,hh,华夏兴和混合,2021-11-12,4.555,6.648,3.69,7.66,22.48,8.69,65.76,64.68,192.93,269.72,65.34,355.5,0.15%,http://fund.eastmoney.com/519918.html
006081,gp,海富通电子传媒股票A,2021-11-12,3.6831,3.6831,0.87,5.51,22.44,9.2,72.79,76.15,186.73,,62.26,268.31,0.15%,http://fund.eastmoney.com/006081.html
006080,gp,海富通电子传媒股票C,2021-11-12,3.5669,3.5669,0.87,5.5,22.36,8.98,72.11,74.75,182.64,,61.15,256.69,0.00%,http://fund.eastmoney.com/006080.html
002181,hh,华安大安全主题混合A,2021-11-12,2.845,2.845,3.49,8.75,22.21,7.08,36.84,51.9,140.69,245.69,32.08,184.5,0.15%,http://fund.eastmoney.com/002181.html
398021,hh,中海能源策略混合,2021-11-12,1.8192,2.1292,1.56,0.8,22.12,19.63,89.13,115.06,173.32,220.73,83.0,165.71,0.15%,http://fund.eastmoney.com/398021.html
000354,hh,长盛城镇化主题混合,2021-11-12,2.075,2.723,3.34,7.96,21.92,11.68,48.43,42.22,64.81,110.87,28.96,216.01,0.15%,http://fund.eastmoney.com/000354.html
002885,hh,大摩万众创新混合A,2021-11-12,1.3159,1.3159,3.64,8.31,21.81,6.22,56.56,27.93,53.6,67.1,17.51,31.59,0.15%,http://fund.eastmoney.com/002885.html
001933,hh,华商新兴活力混合,2021-11-12,3.025,3.025,2.06,2.54,21.78,13.89,81.79,97.84,220.11,257.14,72.56,202.5,0.15%,http://fund.eastmoney.com/001933.html
005598,hh,广发中小盘精选混合A,2021-11-12,2.0288,2.0288,1.91,6.33,21.74,8.59,24.88,34.83,100.87,139.1,23.34,102.88,0.15%,http://fund.eastmoney.com/005598.html
213003,hh,宝盈策略增长混合,2021-11-12,1.5559,2.5779,2.74,5.19,21.67,9.23,37.62,27.39,89.7,134.65,19.37,234.24,0.15%,http://fund.eastmoney.com/213003.html
000828,gp,泰达转型机遇股票A,2021-11-12,3.971,4.191,0.99,-1.63,21.62,8.44,84.44,116.99,280.36,479.71,76.02,377.18,0.12%,http://fund.eastmoney.com/000828.html
000596,gp,前海开源中证军工指数A,2021-11-12,2.541,2.541,3.67,8.04,21.58,10.62,50.27,46.79,117.18,140.17,18.41,154.1,0.12%,http://fund.eastmoney.com/000596.html
002199,gp,前海开源中证军工指数C,2021-11-12,1.291,2.251,3.69,8.03,21.56,10.53,50.12,46.37,116.25,138.19,18.12,27.62,0.12%,http://fund.eastmoney.com/002199.html
004698,gp,博时军工主题股票A,2021-11-12,2.382,2.382,3.93,8.87,21.47,7.06,51.33,52.2,160.9,191.2,17.4,138.2,0.15%,http://fund.eastmoney.com/004698.html
164402,gp,前海开源中航军工指数,2021-11-12,1.338,1.338,3.64,8.25,21.31,9.76,50.51,54.15,109.91,133.87,17.47,38.12,0.12%,http://fund.eastmoney.com/164402.html
162201,hh,泰达宏利成长混合,2021-11-12,2.7943,5.1908,0.62,-1.1,21.18,9.5,79.25,63.61,127.25,211.48,66.07,1984.57,0.15%,http://fund.eastmoney.com/162201.html
004390,hh,平安转型创新混合A,2021-11-12,3.7441,3.8341,1.32,3.56,21.17,13.92,84.86,97.31,222.1,354.27,75.03,307.64,0.15%,http://fund.eastmoney.com/004390.html
004391,hh,平安转型创新混合C,2021-11-12,3.6433,3.7283,1.32,3.54,21.09,13.7,84.13,95.75,216.97,346.92,73.84,294.94,0.00%,http://fund.eastmoney.com/004391.html
001574,hh,中海混改红利混合,2021-11-12,2.229,2.229,-0.45,6.65,21.08,9.0,25.86,38.53,83.91,165.36,28.1,122.9,0.15%,http://fund.eastmoney.com/001574.html
160630,gp,鹏华国防A,2021-11-12,1.551,1.419,3.61,8.08,21.08,6.74,47.71,46.61,122.39,133.61,12.07,46.27,0.12%,http://fund.eastmoney.com/160630.html
001475,hh,易方达国防军工混合,2021-11-12,2.15,2.15,3.71,7.34,20.99,8.92,62.14,68.23,185.9,206.27,35.99,115.0,0.15%,http://fund.eastmoney.com/001475.html
002281,hh,建信裕利灵活配置混合,2021-11-12,2.6066,2.6066,1.92,4.09,20.94,10.44,46.51,59.53,142.97,200.33,42.24,160.66,0.15%,http://fund.eastmoney.com/002281.html
001838,hh,国投瑞银国家安全混合,2021-11-12,1.524,1.524,3.6,7.48,20.86,13.22,47.96,56.79,133.38,137.01,14.93,52.4,0.15%,http://fund.eastmoney.com/001838.html
020022,hh,国泰策略价值灵活配置混合,2021-11-12,3.088,3.088,2.86,6.7,20.81,8.24,51.67,48.25,90.85,151.26,43.1,257.66,0.12%,http://fund.eastmoney.com/020022.html
700003,hh,平安策略先锋混合,2021-11-12,6.563,6.663,1.28,3.6,20.75,13.43,83.89,98.46,228.48,391.61,75.81,618.11,0.15%,http://fund.eastmoney.com/700003.html
005412,hh,金信民长混合A,2021-11-12,2.2881,2.2881,1.42,0.88,20.66,3.58,40.77,97.32,,,61.55,128.81,0.08%,http://fund.eastmoney.com/005412.html
005413,hh,金信民长混合C,2021-11-12,2.1742,2.1742,1.42,0.88,20.65,3.55,40.71,97.15,,,61.43,117.42,0.00%,http://fund.eastmoney.com/005413.html
008638,hh,广发科技创新混合A,2021-11-12,2.1682,2.1682,1.25,4.85,20.63,5.8,43.8,64.15,,,59.85,116.82,0.15%,http://fund.eastmoney.com/008638.html
005939,hh,工银新能源汽车混合A,2021-11-12,4.7602,4.7602,1.79,4.48,20.45,11.29,81.93,108.46,321.93,,71.5,376.02,0.15%,http://fund.eastmoney.com/005939.html
005940,hh,工银新能源汽车混合C,2021-11-12,4.6611,4.6611,1.79,4.47,20.41,11.17,81.56,107.63,318.64,,70.9,366.11,0.00%,http://fund.eastmoney.com/005940.html
660015,hh,农银行业轮动混合,2021-11-12,8.0482,8.1482,0.96,3.52,20.29,13.73,47.33,53.14,160.06,228.66,40.97,771.01,0.15%,http://fund.eastmoney.com/660015.html
008980,hh,中邮科技创新精选混合A,2021-11-12,2.3425,2.3425,2.01,6.09,20.24,13.16,65.14,65.48,,,46.58,134.25,0.12%,http://fund.eastmoney.com/008980.html
550009,hh,信诚中小盘混合,2021-11-12,6.047,6.177,0.57,3.86,20.22,10.01,67.88,93.44,265.82,400.99,70.53,583.25,0.15%,http://fund.eastmoney.com/550009.html
008981,hh,中邮科技创新精选混合C,2021-11-12,2.3305,2.3305,2.01,6.09,20.21,13.08,64.89,64.97,,,46.2,133.05,0.00%,http://fund.eastmoney.com/008981.html
005609,hh,富国军工主题混合A,2021-11-12,2.4105,2.4105,2.61,7.35,20.21,4.25,37.12,48.97,149.35,190.6,16.08,141.05,0.15%,http://fund.eastmoney.com/005609.html
008961,hh,华商科技创新混合,2021-11-12,1.9612,1.9612,1.32,4.01,20.13,5.69,55.81,60.1,,,36.87,96.12,0.15%,http://fund.eastmoney.com/008961.html
008185,hh,诺安研究优选混合,2021-11-12,1.4991,1.4991,1.99,1.09,20.05,5.46,18.75,26.07,,,20.59,49.91,0.15%,http://fund.eastmoney.com/008185.html
001956,gp,国联安科技动力,2021-11-12,2.711,2.711,-0.24,5.14,20.04,5.46,43.01,45.31,132.88,268.24,33.08,171.1,0.15%,http://fund.eastmoney.com/001956.html
200015,hh,长城优化升级混合A,2021-11-12,5.5228,5.6378,1.87,5.62,19.99,11.79,54.64,70.6,166.36,253.48,57.09,518.04,0.15%,http://fund.eastmoney.com/200015.html
470021,hh,汇添富优选回报灵活配置混合A,2021-11-12,2.307,2.307,0.87,0.83,19.97,5.01,20.79,31.53,101.13,139.56,23.97,130.7,0.15%,http://fund.eastmoney.com/470021.html
002418,hh,汇添富优选回报灵活配置混合C,2021-11-12,2.291,2.291,0.88,0.84,19.95,4.95,20.58,31.06,99.39,136.67,23.57,129.1,0.00%,http://fund.eastmoney.com/002418.html
000039,hh,农银高增长混合,2021-11-12,4.7771,4.7771,0.77,4.81,19.92,14.03,64.59,57.72,148.19,205.32,43.71,377.71,0.15%,http://fund.eastmoney.com/000039.html
502003,gp,易方达中证军工(LOF)A,2021-11-12,1.6792,1.0702,3.54,7.63,19.75,8.78,44.48,42.47,122.45,146.9,15.12,11.06,0.10%,http://fund.eastmoney.com/502003.html
200001,hh,长城久恒灵活配置混合,2021-11-12,3.0307,4.4727,1.04,6.33,19.69,3.71,59.56,48.6,123.42,173.9,37.04,817.05,0.12%,http://fund.eastmoney.com/200001.html
257070,hh,国联安优选行业混合,2021-11-12,4.3372,4.6382,-0.27,5.22,19.65,5.54,42.25,43.4,136.3,271.21,31.99,434.4,0.15%,http://fund.eastmoney.com/257070.html
161024,gp,富国中证军工指数(LOF)A,2021-11-12,1.418,1.882,3.5,7.59,19.56,8.41,42.94,39.52,92.9,106.47,13.35,115.32,0.12%,http://fund.eastmoney.com/161024.html
005977,hh,中信保诚至兴混合A,2021-11-12,2.9806,2.9806,0.76,4.28,19.51,7.85,62.16,103.18,186.87,196.14,59.94,198.06,0.15%,http://fund.eastmoney.com/005977.html
003017,gp,广发中证军工ETF联接A,2021-11-12,1.3984,1.3984,3.5,7.61,19.5,7.99,42.23,38.91,93.42,113.95,13.01,39.84,0.12%,http://fund.eastmoney.com/003017.html
000462,hh,农银主题轮动混合,2021-11-12,3.5399,3.5399,0.75,4.73,19.5,13.57,62.48,58.02,196.65,324.65,45.42,253.99,0.15%,http://fund.eastmoney.com/000462.html
005693,gp,广发中证军工ETF联接C,2021-11-12,1.3933,1.3933,3.5,7.61,19.47,7.94,42.09,38.62,92.6,112.81,12.81,94.92,0.00%,http://fund.eastmoney.com/005693.html
005978,hh,中信保诚至兴混合C,2021-11-12,2.8973,2.8973,0.76,4.26,19.43,7.64,61.51,101.52,182.25,188.72,58.81,189.73,0.00%,http://fund.eastmoney.com/005978.html
000603,hh,易方达创新驱动灵活配置混合,2021-11-12,2.635,2.635,1.66,5.11,19.39,11.94,72.22,74.39,193.43,265.46,57.31,163.5,0.15%,http://fund.eastmoney.com/000603.html
163115,gp,申万菱信中证军工指数(LOF),2021-11-12,1.4005,2.2192,3.46,7.56,19.38,8.6,43.71,40.99,103.32,122.76,13.93,99.19,0.10%,http://fund.eastmoney.com/163115.html
004139,hh,中邮军民融合灵活配置混合,2021-11-12,2.4716,2.4716,3.38,6.69,19.37,11.25,69.46,70.66,182.4,203.41,36.64,147.16,0.15%,http://fund.eastmoney.com/004139.html
002772,hh,光大产业新动力混合,2021-11-12,1.835,1.95,-1.13,4.68,19.31,3.44,21.93,26.36,82.93,107.01,24.49,98.11,0.15%,http://fund.eastmoney.com/002772.html
000654,hh,华商新锐产业混合,2021-11-12,2.183,2.203,1.25,3.66,19.29,3.8,42.21,43.34,88.03,136.26,28.56,122.25,0.15%,http://fund.eastmoney.com/000654.html
519158,hh,新华趋势领航混合,2021-11-12,5.0679,5.5343,1.65,-1.17,19.29,13.45,55.36,58.62,138.15,226.75,40.89,534.01,0.15%,http://fund.eastmoney.com/519158.html
002378,hh,建信弘利灵活配置混合,2021-11-12,2.7489,2.7489,2.41,5.21,19.29,13.02,17.13,25.39,118.86,203.68,13.1,174.89,0.15%,http://fund.eastmoney.com/002378.html
217020,hh,招商安达灵活配置混合,2021-11-12,3.234,3.5319,1.26,4.24,19.26,3.25,32.28,29.31,110.49,215.6,12.53,319.73,0.15%,http://fund.eastmoney.com/217020.html
110005,hh,易方达积极成长混合,2021-11-12,0.9998,6.2374,2.35,6.3,19.08,6.58,41.18,52.2,95.42,156.13,43.36,1186.9,0.15%,http://fund.eastmoney.com/110005.html
001411,hh,诺安创新驱动混合A,2021-11-12,1.688,1.803,0.84,6.7,19.04,5.5,54.58,64.84,67.83,78.11,55.0,88.66,0.15%,http://fund.eastmoney.com/001411.html
002051,hh,诺安创新驱动混合C,2021-11-12,1.673,1.788,0.78,6.63,18.99,5.49,54.48,64.5,67.18,77.29,54.76,85.22,0.15%,http://fund.eastmoney.com/002051.html
580006,hh,东吴新经济混合A,2021-11-12,2.1525,2.5425,0.54,3.69,18.97,7.53,60.87,73.98,136.28,184.72,54.04,198.28,0.15%,http://fund.eastmoney.com/580006.html
630011,hh,华商主题精选混合,2021-11-12,2.945,3.845,1.1,3.7,18.85,5.25,47.32,50.95,118.15,199.29,35.4,345.73,0.15%,http://fund.eastmoney.com/630011.html
000530,hh,招商丰盛稳定增长混合A,2021-11-12,2.373,2.373,1.28,3.67,18.83,4.77,28.62,21.32,77.35,111.5,8.01,137.3,0.15%,http://fund.eastmoney.com/000530.html
004423,hh,华商研究精选灵活配置,2021-11-12,3.467,3.467,1.32,3.74,18.81,6.12,52.93,57.52,139.27,218.95,40.76,246.7,0.15%,http://fund.eastmoney.com/004423.html
002417,hh,招商丰盛稳定增长混合C,2021-11-12,2.358,2.358,1.29,3.69,18.79,4.66,28.36,20.74,75.71,108.49,7.52,97.82,0.15%,http://fund.eastmoney.com/002417.html
398061,hh,中海消费混合,2021-11-12,6.353,6.563,1.66,0.55,18.73,6.34,25.88,47.78,117.12,246.21,25.78,658.84,0.15%,http://fund.eastmoney.com/398061.html
001279,hh,中海积极增利混合,2021-11-12,3.138,3.138,1.49,3.26,18.55,9.41,70.08,88.13,207.35,323.48,69.9,213.8,0.15%,http://fund.eastmoney.com/001279.html
590006,hh,中邮中小盘灵活配置混合,2021-11-12,2.931,3.51,1.28,4.38,18.52,8.8,37.93,40.85,108.13,156.78,24.83,313.31,0.15%,http://fund.eastmoney.com/590006.html
398051,hh,中海环保新能源混合,2021-11-12,3.202,3.393,1.52,2.76,18.5,10.68,74.09,96.84,297.77,326.81,62.67,244.87,0.15%,http://fund.eastmoney.com/398051.html
004926,hh,中航军民融合精选A,2021-11-12,1.7842,1.7842,2.99,7.44,18.42,9.99,18.48,26.8,81.84,95.53,14.56,78.4,0.15%,http://fund.eastmoney.com/004926.html
004927,hh,中航军民融合精选C,2021-11-12,1.7648,1.7648,2.99,7.43,18.4,9.95,18.41,26.66,81.36,94.43,14.45,76.46,0.00%,http://fund.eastmoney.com/004927.html
002292,hh,诺安益鑫灵活配置混合,2021-11-12,1.6297,1.6297,1.05,4.57,18.39,15.08,25.92,24.47,53.07,67.1,18.86,62.97,0.15%,http://fund.eastmoney.com/002292.html
004784,gp,招商稳健优选股票,2021-11-12,3.7595,3.7595,0.81,2.28,18.36,16.49,67.1,91.84,235.19,425.8,72.49,275.95,0.15%,http://fund.eastmoney.com/004784.html
000535,hh,长盛航天海工装备灵活配置混合,2021-11-12,1.974,2.518,3.19,7.11,18.35,6.93,49.77,53.3,120.52,132.53,20.24,208.18,0.15%,http://fund.eastmoney.com/000535.html
004895,hh,华商鑫安灵活混合,2021-11-12,2.794,2.92,1.16,4.8,18.29,16.66,50.22,52.43,237.8,288.8,42.77,214.15,0.15%,http://fund.eastmoney.com/004895.html
001245,gp,工银生态环境股票,2021-11-12,3.001,3.001,1.39,2.67,18.24,8.77,86.51,104.29,292.8,431.15,67.75,200.1,0.15%,http://fund.eastmoney.com/001245.html
001056,hh,北信瑞丰健康生活,2021-11-12,1.972,1.972,2.28,2.07,18.23,11.29,54.79,54.91,118.14,161.19,44.57,97.2,0.15%,http://fund.eastmoney.com/001056.html
001656,hh,农银中国优势灵活配置混合,2021-11-12,2.5126,2.5126,2.53,6.22,18.22,12.51,30.44,41.59,136.61,188.14,25.73,151.26,0.15%,http://fund.eastmoney.com/001656.html
002345,hh,华夏高端制造混合,2021-11-12,2.08,2.08,2.51,4.63,18.11,2.87,48.36,67.07,181.08,226.53,31.81,108.0,0.15%,http://fund.eastmoney.com/002345.html
001740,hh,光大中国制造2025混合,2021-11-12,2.959,3.106,1.51,3.5,18.08,2.42,36.93,46.2,189.31,207.6,30.23,227.54,0.15%,http://fund.eastmoney.com/001740.html
008180,hh,同泰慧利混合A,2021-11-12,1.7201,1.7201,1.01,4.15,18.07,13.05,31.13,57.22,,,43.88,72.01,0.15%,http://fund.eastmoney.com/008180.html
008181,hh,同泰慧利混合C,2021-11-12,1.7108,1.7108,1.02,4.15,18.04,12.95,30.87,56.61,,,43.39,71.08,0.00%,http://fund.eastmoney.com/008181.html
168501,hh,北信瑞丰产业升级,2021-11-12,3.1781,3.1781,2.25,2.21,18.01,11.58,54.25,67.48,215.44,266.35,29.79,217.81,0.15%,http://fund.eastmoney.com/168501.html
001743,hh,诺安优选回报混合,2021-11-12,1.733,1.983,2.06,6.58,17.81,3.77,33.31,53.09,70.54,106.41,57.98,115.9,0.15%,http://fund.eastmoney.com/001743.html
000609,hh,华商新量化混合,2021-11-12,3.223,3.773,0.72,3.57,17.71,6.93,31.07,31.6,141.06,239.26,21.99,377.07,0.15%,http://fund.eastmoney.com/000609.html
008009,gp,华商高端装备制造股票,2021-11-12,2.9977,2.9977,1.86,4.86,17.61,9.68,71.55,77.25,,,56.78,199.77,0.15%,http://fund.eastmoney.com/008009.html
002669,hh,华商万众创新混合,2021-11-12,3.306,3.306,1.04,4.52,17.61,17.44,52.07,56.39,242.24,411.76,45.32,230.6,0.15%,http://fund.eastmoney.com/002669.html
005668,hh,融通新能源汽车主题精选混合A,2021-11-12,3.52,3.52,1.15,3.14,17.61,3.58,47.83,51.49,195.57,321.3,35.18,252.0,0.15%,http://fund.eastmoney.com/005668.html
009853,hh,中加优势企业混合A,2021-11-12,1.6951,1.6951,1.13,1.22,17.59,8.63,31.87,53.97,,,35.27,69.51,0.15%,http://fund.eastmoney.com/009853.html
006348,hh,银华盛利混合发起式,2021-11-12,3.9897,3.9897,1.22,4.66,17.58,10.29,57.78,82.75,206.97,,59.45,298.97,0.15%,http://fund.eastmoney.com/006348.html
001323,hh,东吴移动互联混合A,2021-11-12,2.4533,2.4533,-0.35,1.26,17.56,7.01,62.35,60.68,154.23,193.46,47.09,145.33,0.15%,http://fund.eastmoney.com/001323.html
009835,hh,融通新能源汽车主题精选混合C,2021-11-12,3.4986,3.4986,1.14,3.14,17.56,3.46,47.46,50.73,,,34.59,89.11,0.00%,http://fund.eastmoney.com/009835.html
002170,hh,东吴移动互联混合C,2021-11-12,2.4466,2.4466,-0.35,1.25,17.54,6.96,62.2,60.37,156.19,195.48,46.87,142.0,0.00%,http://fund.eastmoney.com/002170.html
009854,hh,中加优势企业混合C,2021-11-12,1.6742,1.6742,1.14,1.21,17.52,8.43,31.35,52.6,,,34.36,67.42,0.00%,http://fund.eastmoney.com/009854.html
005360,hh,汇安资产轮动混合,2021-11-12,1.1604,1.1604,0.3,5.37,17.33,10.05,45.71,46.04,40.14,27.32,33.1,16.04,0.15%,http://fund.eastmoney.com/005360.html
260111,hh,景顺长城公司治理混合,2021-11-12,2.292,3.48,0.84,4.71,17.3,3.24,51.69,62.23,135.34,182.27,43.42,441.16,0.15%,http://fund.eastmoney.com/260111.html
004374,hh,华泰保兴吉年丰混合发起A,2021-11-12,3.1197,3.2147,1.38,8.37,17.29,3.7,31.51,44.66,150.94,256.66,29.87,239.09,0.15%,http://fund.eastmoney.com/004374.html
320003,hh,诺安先锋混合A,2021-11-12,2.9386,4.8221,1.73,5.71,17.28,6.23,23.85,39.67,119.56,147.46,41.05,1006.1,0.15%,http://fund.eastmoney.com/320003.html
004375,hh,华泰保兴吉年丰混合发起C,2021-11-12,3.0855,3.1805,1.37,8.36,17.27,3.64,31.37,44.37,149.9,254.33,29.64,235.43,0.00%,http://fund.eastmoney.com/004375.html
000541,hh,华商创新成长混合发起式,2021-11-12,4.021,4.276,1.03,4.71,17.23,15.02,47.18,48.82,202.56,351.29,39.91,389.63,0.15%,http://fund.eastmoney.com/000541.html
630015,hh,华商大盘量化精选混合,2021-11-12,3.108,3.788,0.39,3.6,17.19,7.62,41.66,53.56,136.53,168.86,36.86,356.24,0.15%,http://fund.eastmoney.com/630015.html
270028,hh,广发制造业精选混合A,2021-11-12,7.373,7.373,1.18,3.73,17.16,3.44,46.06,45.25,185.78,295.97,33.33,637.3,0.15%,http://fund.eastmoney.com/270028.html
007163,hh,浦银安盛环保新能源A,2021-11-12,2.9105,2.9105,1.67,3.69,17.16,8.19,62.86,75.09,191.9,,50.77,191.05,0.15%,http://fund.eastmoney.com/007163.html
001143,hh,华商量化进取混合,2021-11-12,1.811,1.811,0.67,3.49,17.14,6.28,28.9,28.17,111.32,181.21,19.46,81.1,0.15%,http://fund.eastmoney.com/001143.html
590008,hh,中邮战略新兴产业混合,2021-11-12,7.816,7.816,0.08,4.21,17.13,2.6,42.16,46.01,111.76,162.81,26.41,681.6,0.15%,http://fund.eastmoney.com/590008.html
010023,hh,广发制造业精选混合C,2021-11-12,7.342,7.342,1.19,3.73,17.13,3.35,45.79,44.7,,,32.89,49.62,0.00%,http://fund.eastmoney.com/010023.html
530001,hh,建信恒久价值混合,2021-11-12,1.8947,5.5574,0.81,2.3,17.12,10.84,44.76,63.44,188.4,259.2,39.33,1118.8,0.15%,http://fund.eastmoney.com/530001.html
007164,hh,浦银安盛环保新能源C,2021-11-12,2.8769,2.8769,1.66,3.68,17.12,8.09,62.57,74.47,189.54,,50.32,187.69,0.00%,http://fund.eastmoney.com/007164.html
000756,gp,建信潜力新蓝筹股票,2021-11-12,3.644,3.644,2.19,1.9,17.02,17.4,41.68,65.41,170.93,205.96,50.77,264.4,0.15%,http://fund.eastmoney.com/000756.html
004890,hh,中邮健康文娱混合,2021-11-12,2.9363,2.9363,0.02,4.4,17.01,2.59,42.81,52.8,164.72,263.85,35.4,193.63,0.15%,http://fund.eastmoney.com/004890.html
009491,gp,宝盈创新驱动股票A,2021-11-12,1.4682,1.4682,0.25,4.0,16.99,9.72,44.47,43.77,,,31.21,46.82,0.15%,http://fund.eastmoney.com/009491.html
009492,gp,宝盈创新驱动股票C,2021-11-12,1.459,1.459,0.25,4.0,16.94,9.58,44.1,43.05,,,30.64,45.9,0.00%,http://fund.eastmoney.com/009492.html
001225,hh,中邮趋势精选灵活配置混合,2021-11-12,1.015,1.015,0.0,4.21,16.94,2.53,42.36,50.15,107.14,124.56,32.85,1.5,0.15%,http://fund.eastmoney.com/001225.html
162202,hh,泰达宏利周期混合,2021-11-12,4.0745,6.1195,1.86,2.35,16.92,9.32,66.95,90.75,215.0,278.28,58.63,2100.42,0.15%,http://fund.eastmoney.com/162202.html
005628,gp,汇安趋势动力股票A,2021-11-12,1.8993,1.8993,0.27,5.14,16.88,10.0,49.74,52.41,79.74,95.22,36.74,89.93,0.15%,http://fund.eastmoney.com/005628.html
001790,gp,国泰智能汽车股票A,2021-11-12,3.311,3.311,0.36,2.83,16.87,7.33,58.95,71.2,274.12,347.43,44.08,231.1,0.15%,http://fund.eastmoney.com/001790.html
000823,hh,银华高端制造业混合,2021-11-12,1.942,1.942,0.78,1.46,16.85,9.53,32.38,38.71,122.71,173.91,27.76,94.2,0.15%,http://fund.eastmoney.com/000823.html
005629,gp,汇安趋势动力股票C,2021-11-12,1.8607,1.8607,0.26,5.13,16.83,9.87,49.37,51.66,77.96,92.2,36.16,86.07,0.00%,http://fund.eastmoney.com/005629.html
005634,hh,汇安行业龙头混合,2021-11-12,2.7001,2.7001,0.31,5.1,16.83,11.45,68.94,83.02,171.89,,60.58,170.01,0.15%,http://fund.eastmoney.com/005634.html
000729,gp,建信中小盘先锋股票A,2021-11-12,4.088,4.088,1.89,1.74,16.83,20.16,50.79,77.51,210.64,251.81,61.84,308.8,0.15%,http://fund.eastmoney.com/000729.html
007463,hh,东海科技动力C,2021-11-12,2.1056,2.1056,1.34,2.55,16.76,3.05,17.36,20.04,97.58,,11.67,110.56,0.00%,http://fund.eastmoney.com/007463.html
002482,hh,宝盈互联网沪港深混合,2021-11-12,3.78,3.78,0.29,4.02,16.74,6.99,39.23,38.51,150.83,270.23,25.75,278.0,0.15%,http://fund.eastmoney.com/002482.html
007439,hh,东海科技动力A,2021-11-12,2.1431,2.1431,1.34,2.54,16.74,2.89,17.2,20.05,100.03,,11.59,114.31,0.15%,http://fund.eastmoney.com/007439.html
008811,hh,鹏华科技创新混合,2021-11-12,1.7654,1.7654,1.89,5.64,16.71,4.95,23.19,35.76,,,15.74,76.54,0.15%,http://fund.eastmoney.com/008811.html
009968,hh,金鹰内需成长混合A,2021-11-12,1.561,1.7133,1.66,2.81,16.71,7.27,48.5,73.64,,,56.5,76.1,0.15%,http://fund.eastmoney.com/009968.html
501019,gp,国泰国证航天军工指数,2021-11-12,1.5917,1.5917,3.04,6.56,16.68,8.7,44.86,44.54,107.71,147.08,19.33,59.17,0.12%,http://fund.eastmoney.com/501019.html
009969,hh,金鹰内需成长混合C,2021-11-12,1.5474,1.6977,1.66,2.79,16.63,7.05,47.91,72.26,,,55.42,74.38,0.00%,http://fund.eastmoney.com/009969.html
001097,gp,华泰柏瑞积极优选股票,2021-11-12,1.165,1.165,2.19,5.05,16.62,5.72,37.06,38.2,81.75,120.64,26.08,16.5,0.15%,http://fund.eastmoney.com/001097.html
002179,hh,华安事件驱动量化策略混合,2021-11-12,2.091,2.091,0.1,2.85,16.56,6.68,39.87,55.46,133.11,195.76,39.59,109.1,0.15%,http://fund.eastmoney.com/002179.html
005962,gp,宝盈人工智能股票A,2021-11-12,3.5958,3.5958,0.24,3.54,16.54,8.3,42.56,37.79,138.94,258.5,27.72,259.58,0.15%,http://fund.eastmoney.com/005962.html
210004,hh,金鹰稳健成长混合,2021-11-12,2.905,3.635,0.97,3.05,16.53,9.29,36.51,49.28,137.14,203.87,35.05,387.68,0.15%,http://fund.eastmoney.com/210004.html
002595,gp,博时工业4.0主题股票,2021-11-12,2.678,2.678,1.06,6.74,16.49,4.04,23.41,29.25,100.0,168.88,13.33,167.8,0.15%,http://fund.eastmoney.com/002595.html
005963,gp,宝盈人工智能股票C,2021-11-12,3.5032,3.5032,0.24,3.52,16.47,8.09,41.99,36.68,135.11,250.0,26.83,250.32,0.00%,http://fund.eastmoney.com/005963.html
005802,gp,汇添富智能制造股票,2021-11-12,2.2414,2.2414,0.92,3.29,16.47,2.83,41.57,38.08,99.08,140.29,31.91,124.14,0.15%,http://fund.eastmoney.com/005802.html
010128,gp,宝盈发展新动能股票A,2021-11-12,1.5172,1.5172,0.19,3.78,16.42,8.03,46.01,49.14,,,38.04,51.72,0.15%,http://fund.eastmoney.com/010128.html
010129,gp,宝盈发展新动能股票C,2021-11-12,1.5088,1.5088,0.19,3.78,16.37,7.89,45.65,48.4,,,37.45,50.88,0.00%,http://fund.eastmoney.com/010129.html
000584,hh,新华鑫益灵活配置混合C,2021-11-12,6.8651,6.8651,1.34,-0.92,16.31,10.9,61.73,65.7,182.17,264.2,47.19,586.51,0.00%,http://fund.eastmoney.com/000584.html
002148,hh,国寿安保稳惠混合,2021-11-12,2.399,2.6916,1.04,1.67,16.3,4.4,30.38,25.35,126.64,180.42,12.26,206.87,0.10%,http://fund.eastmoney.com/002148.html
000966,hh,中邮核心科技创新灵活配置混合,2021-11-12,2.044,2.044,1.19,3.55,16.2,6.07,35.99,42.74,115.38,151.11,25.32,104.4,0.15%,http://fund.eastmoney.com/000966.html
007460,hh,华安成长创新混合,2021-11-12,2.3777,2.3777,0.79,5.19,16.14,10.96,26.78,46.41,105.4,,43.81,137.77,0.15%,http://fund.eastmoney.com/007460.html
168002,hh,国寿安保策略精选混合(LOF),2021-11-12,2.9115,2.9615,1.03,2.03,16.11,5.83,38.02,29.95,141.36,218.3,16.38,205.19,0.15%,http://fund.eastmoney.com/168002.html
001513,hh,易方达信息产业混合,2021-11-12,3.165,3.165,0.6,4.7,16.1,2.86,43.86,34.97,105.65,199.72,28.4,216.5,0.15%,http://fund.eastmoney.com/001513.html
001866,hh,北信瑞丰新成长,2021-11-12,2.085,2.125,1.56,1.12,16.09,6.16,20.1,52.3,111.25,132.18,37.08,116.64,0.08%,http://fund.eastmoney.com/001866.html
040015,hh,华安动态灵活配置混合A,2021-11-12,5.102,5.715,2.0,5.74,16.09,7.75,78.33,87.71,185.03,292.46,67.88,685.92,0.15%,http://fund.eastmoney.com/040015.html
001322,hh,东吴新趋势价值线混合,2021-11-12,1.3945,1.3945,-0.21,1.57,16.01,7.4,56.97,54.36,149.02,205.81,40.35,39.45,0.15%,http://fund.eastmoney.com/001322.html
002620,hh,中邮未来新蓝筹混合,2021-11-12,3.808,3.808,1.85,5.43,15.99,9.05,46.35,48.46,151.52,253.9,28.56,280.8,0.15%,http://fund.eastmoney.com/002620.html
009885,hh,新华景气行业混合A,2021-11-12,1.3883,1.3883,1.25,-1.19,15.99,10.94,53.93,38.41,,,34.11,38.83,0.15%,http://fund.eastmoney.com/009885.html
160421,hh,华安智增精选混合,2021-11-12,3.0841,3.0841,1.34,1.59,15.98,3.76,51.69,64.68,145.12,286.67,50.44,208.41,0.15%,http://fund.eastmoney.com/160421.html
001924,hh,华夏国企改革混合,2021-11-12,2.193,2.193,0.73,5.79,15.97,4.08,38.01,40.13,130.36,194.76,23.48,119.3,0.15%,http://fund.eastmoney.com/001924.html
009886,hh,新华景气行业混合C,2021-11-12,1.3805,1.3805,1.25,-1.2,15.95,10.8,53.54,37.71,,,33.52,38.05,0.00%,http://fund.eastmoney.com/009886.html
000209,hh,信诚新兴产业混合A,2021-11-12,5.5982,5.5982,-0.06,3.04,15.93,8.22,82.77,149.47,328.65,427.63,93.51,459.82,0.15%,http://fund.eastmoney.com/000209.html
005904,hh,华泰保兴成长优选A,2021-11-12,3.0108,3.0108,1.32,7.86,15.9,2.85,23.56,37.84,121.25,225.25,23.56,201.05,0.15%,http://fund.eastmoney.com/005904.html
005905,hh,华泰保兴成长优选C,2021-11-12,2.9648,2.9648,1.31,7.85,15.84,2.69,23.18,37.01,119.76,221.39,22.92,196.45,0.00%,http://fund.eastmoney.com/005905.html
001471,hh,融通新能源灵活配置混合,2021-11-12,3.171,3.291,1.63,3.73,15.81,6.48,62.37,60.64,150.28,251.55,46.6,252.67,0.15%,http://fund.eastmoney.com/001471.html
000698,hh,宝盈科技30混合,2021-11-12,4.307,4.307,-0.28,3.61,15.69,8.52,51.92,48.11,139.41,237.27,36.56,330.7,0.15%,http://fund.eastmoney.com/000698.html
001808,hh,银华互联网主题灵活配置混合,2021-11-12,2.553,2.553,1.51,1.88,15.68,8.32,44.65,51.15,171.6,289.77,28.68,155.3,0.15%,http://fund.eastmoney.com/001808.html
519767,hh,交银科技创新灵活配置混合,2021-11-12,2.701,2.711,2.47,6.0,15.67,5.76,38.8,42.38,115.56,181.65,24.87,172.78,0.15%,http://fund.eastmoney.com/519767.html
000126,hh,招商安润混合,2021-11-12,4.3362,4.6802,0.9,3.62,15.65,6.07,52.3,77.58,234.63,320.17,58.87,482.79,0.15%,http://fund.eastmoney.com/000126.html
003593,hh,国泰景气行业灵活配置混合,2021-11-12,1.2649,2.5442,1.01,4.41,15.6,4.74,39.47,55.79,134.68,242.34,32.7,224.66,0.15%,http://fund.eastmoney.com/003593.html
001188,gp,鹏华改革红利股票,2021-11-12,1.571,1.571,0.45,4.18,15.6,5.08,18.48,28.14,67.31,109.75,14.42,57.1,0.15%,http://fund.eastmoney.com/001188.html
000409,gp,鹏华环保产业股票,2021-11-12,6.228,6.228,0.45,3.37,15.59,10.25,64.63,71.38,266.14,328.63,49.39,522.8,0.15%,http://fund.eastmoney.com/000409.html
001298,hh,金鹰民族新兴混合,2021-11-12,4.461,4.461,-0.07,4.33,15.57,7.47,72.17,121.39,287.91,403.5,94.97,346.1,0.15%,http://fund.eastmoney.com/001298.html
310358,hh,申万菱信新经济混合,2021-11-12,1.9303,3.5629,1.14,4.39,15.55,15.87,46.69,73.58,159.76,203.57,57.99,468.64,0.15%,http://fund.eastmoney.com/310358.html
006154,hh,华安制造先锋混合A,2021-11-12,4.4343,4.4343,2.11,5.63,15.44,5.36,78.35,87.52,187.12,,65.7,343.43,0.15%,http://fund.eastmoney.com/006154.html
210005,hh,金鹰主题优势混合,2021-11-12,2.828,2.828,1.25,4.24,15.43,8.81,32.65,40.84,96.94,200.53,26.42,182.8,0.15%,http://fund.eastmoney.com/210005.html
001224,hh,中邮新思路灵活配置混合,2021-11-12,3.915,3.915,1.45,4.46,15.42,5.21,37.32,42.31,144.99,263.85,26.82,291.5,0.15%,http://fund.eastmoney.com/001224.html
501057,gp,汇添富中证新能源汽车A,2021-11-12,3.3802,3.3802,0.19,2.7,15.4,5.38,68.29,92.47,294.98,321.05,58.18,238.02,0.12%,http://fund.eastmoney.com/501057.html
501058,gp,汇添富中证新能源汽车C,2021-11-12,3.3472,3.3472,0.19,2.7,15.38,5.31,68.07,91.99,293.0,317.93,57.83,234.72,0.00%,http://fund.eastmoney.com/501058.html
310368,hh,申万菱信竞争优势混合,2021-11-12,3.123,4.139,0.61,5.21,15.38,6.49,49.86,72.3,151.49,232.84,54.28,539.44,0.15%,http://fund.eastmoney.com/310368.html
000404,hh,易方达新兴成长灵活配置,2021-11-12,5.972,5.972,-0.22,2.68,15.38,3.92,37.86,40.15,140.13,245.2,28.32,497.2,0.15%,http://fund.eastmoney.com/000404.html
164905,gp,交银国证新能源指数(LOF)A,2021-11-12,1.7095,1.7954,0.22,2.15,15.34,9.32,61.5,73.2,193.37,199.9,50.95,79.54,0.12%,http://fund.eastmoney.com/164905.html
001476,gp,中银智能制造股票A,2021-11-12,2.414,2.414,0.84,2.64,15.23,9.28,52.88,66.6,246.34,353.76,49.94,141.4,0.15%,http://fund.eastmoney.com/001476.html
519089,hh,新华优选成长混合,2021-11-12,3.385,4.7416,1.44,-1.15,15.19,9.91,55.35,60.38,168.14,239.6,42.48,790.82,0.15%,http://fund.eastmoney.com/519089.html
003961,hh,易方达瑞程灵活配置混合A,2021-11-12,3.8221,3.8221,1.97,4.51,15.14,5.82,22.11,28.12,149.48,300.47,21.11,282.21,0.06%,http://fund.eastmoney.com/003961.html
000969,hh,前海开源大安全混合,2021-11-12,2.503,2.503,2.37,6.24,15.13,3.13,17.73,34.57,139.29,174.75,23.79,150.3,0.15%,http://fund.eastmoney.com/000969.html
003962,hh,易方达瑞程灵活配置混合C,2021-11-12,3.8421,3.8421,1.97,4.51,15.12,5.77,21.99,27.87,148.49,303.88,20.9,284.21,0.00%,http://fund.eastmoney.com/003962.html
001809,hh,中信建投智信物联网A,2021-11-12,2.97,2.97,1.01,4.28,15.04,8.5,52.99,62.06,165.3,262.06,42.83,197.0,0.15%,http://fund.eastmoney.com/001809.html
001448,hh,华商双翼平衡混合,2021-11-12,1.805,1.805,1.4,3.62,15.04,12.18,41.79,48.44,55.6,69.01,39.27,80.5,0.12%,http://fund.eastmoney.com/001448.html
519091,hh,新华泛资源优势混合,2021-11-12,8.1005,8.1005,1.12,-1.04,15.02,10.24,52.69,58.34,162.41,222.09,40.95,710.05,0.15%,http://fund.eastmoney.com/519091.html
005161,gp,华商上游产业股票,2021-11-12,2.2233,2.2233,1.21,2.31,15.01,6.63,34.37,56.61,141.27,181.39,38.6,122.33,0.15%,http://fund.eastmoney.com/005161.html
000924,hh,宝盈先进制造混合A,2021-11-12,3.662,3.974,-0.11,2.32,15.01,11.95,38.98,64.14,192.84,348.77,42.21,364.12,0.15%,http://fund.eastmoney.com/000924.html
004636,hh,中信建投智信物联网C,2021-11-12,3.0607,3.0607,1.02,4.28,15.0,8.39,52.69,61.41,163.2,257.89,42.34,206.07,0.00%,http://fund.eastmoney.com/004636.html
007449,hh,兴全多维价值混合A,2021-11-12,2.0497,2.0497,1.78,5.83,14.92,11.08,27.45,33.98,100.81,,28.0,104.97,0.15%,http://fund.eastmoney.com/007449.html
007579,hh,宝盈先进制造混合C,2021-11-12,3.598,3.803,-0.11,2.3,14.92,11.7,38.38,62.81,188.23,,41.26,252.8,0.00%,http://fund.eastmoney.com/007579.html
002190,hh,农银新能源主题,2021-11-12,4.731,4.731,0.48,2.61,14.87,14.55,86.17,111.85,427.72,480.63,69.63,373.1,0.15%,http://fund.eastmoney.com/002190.html
007450,hh,兴全多维价值混合C,2021-11-12,2.0184,2.0184,1.78,5.82,14.86,10.91,27.06,33.18,98.41,,27.34,101.84,0.00%,http://fund.eastmoney.com/007450.html
001606,hh,农银工业4.0混合,2021-11-12,5.3365,5.3365,0.59,2.96,14.81,11.31,69.68,91.16,345.01,443.87,52.68,433.65,0.15%,http://fund.eastmoney.com/001606.html
000696,gp,汇添富环保行业股票,2021-11-12,3.216,3.216,0.22,2.52,14.78,6.38,55.74,64.92,201.97,237.46,43.7,221.6,0.15%,http://fund.eastmoney.com/000696.html
009147,gp,建信新能源行业股票,2021-11-12,2.9148,2.9148,0.65,1.66,14.77,11.72,79.18,110.14,,,68.62,191.48,0.15%,http://fund.eastmoney.com/009147.html
519704,hh,交银先进制造混合,2021-11-12,5.5637,6.6907,2.02,5.46,14.73,8.36,34.54,50.88,161.08,251.83,32.2,831.08,0.15%,http://fund.eastmoney.com/519704.html
006270,hh,汇安核心成长混合A,2021-11-12,1.8761,1.8761,0.64,4.68,14.68,5.78,39.17,43.99,99.67,,29.75,87.61,0.15%,http://fund.eastmoney.com/006270.html
202027,hh,南方高端装备灵活配置混合A,2021-11-12,4.555,4.93,1.49,4.0,14.68,3.45,39.17,61.3,163.75,255.58,41.2,505.45,0.15%,http://fund.eastmoney.com/202027.html
000739,hh,平安新鑫先锋A,2021-11-12,3.103,3.103,2.17,5.44,14.67,11.74,53.61,69.75,188.92,239.5,52.63,210.3,0.12%,http://fund.eastmoney.com/000739.html
161028,gp,富国中证新能源汽车指数(LOF)A,2021-11-12,1.634,1.693,0.25,2.51,14.67,5.69,63.4,86.72,274.75,319.26,54.01,149.13,0.12%,http://fund.eastmoney.com/161028.html
001515,hh,平安新鑫先锋C,2021-11-12,3.011,3.011,2.17,5.46,14.66,11.68,53.31,69.16,186.76,235.3,52.15,69.83,0.00%,http://fund.eastmoney.com/001515.html
007346,hh,易方达科技创新混合,2021-11-12,2.9652,2.9652,-0.13,2.87,14.65,4.97,34.18,40.05,161.46,,25.24,196.52,0.15%,http://fund.eastmoney.com/007346.html
005669,gp,前海开源公用事业股票,2021-11-12,3.409,3.409,0.74,2.16,14.6,9.89,116.57,157.36,224.57,257.79,105.19,240.9,0.15%,http://fund.eastmoney.com/005669.html
005207,hh,南方高端装备灵活配置混合C,2021-11-12,4.415,4.79,1.49,3.98,14.59,3.25,38.62,59.96,159.55,247.36,40.2,179.61,0.00%,http://fund.eastmoney.com/005207.html
006271,hh,汇安核心成长混合C,2021-11-12,1.8271,1.8271,0.64,4.67,14.59,5.57,38.61,42.84,96.46,,28.85,82.71,0.00%,http://fund.eastmoney.com/006271.html
040005,hh,华安宏利混合,2021-11-12,10.7811,11.4011,1.29,1.85,14.57,2.44,48.77,54.65,110.23,217.69,45.86,1269.93,0.15%,http://fund.eastmoney.com/040005.html
004812,gp,中欧先进制造股票A,2021-11-12,3.8642,3.8642,0.23,1.19,14.56,6.53,54.57,75.32,276.19,371.82,43.14,286.42,0.15%,http://fund.eastmoney.com/004812.html
470028,hh,汇添富社会责任混合,2021-11-12,2.704,2.704,0.93,2.97,14.53,4.12,20.55,19.7,70.28,119.12,14.09,170.4,0.15%,http://fund.eastmoney.com/470028.html
001858,hh,建信鑫利灵活配置混合,2021-11-12,3.1681,3.1681,0.93,1.87,14.49,5.94,45.01,65.01,209.14,263.56,41.02,216.81,0.15%,http://fund.eastmoney.com/001858.html
004813,gp,中欧先进制造股票C,2021-11-12,3.8272,3.8272,0.23,1.18,14.48,6.31,53.94,73.93,271.86,369.42,42.15,282.72,0.00%,http://fund.eastmoney.com/004813.html
008177,gp,建信高股息主题股票,2021-11-12,1.6607,2.1382,0.65,2.8,14.43,7.68,35.0,53.63,,,29.61,125.72,0.15%,http://fund.eastmoney.com/008177.html
007802,hh,兴全合泰混合A,2021-11-12,2.0664,2.0664,1.19,3.3,14.42,3.22,27.05,42.36,104.84,,26.59,106.64,0.15%,http://fund.eastmoney.com/007802.html
010282,hh,中信建投智享生活混合A,2021-11-12,1.3575,1.3575,0.9,4.18,14.41,9.2,40.14,35.75,,,35.34,35.75,0.15%,http://fund.eastmoney.com/010282.html
040001,hh,华安创新混合,2021-11-12,1.423,6.65,1.57,4.33,14.39,8.38,33.87,42.87,90.23,142.73,29.84,717.96,0.15%,http://fund.eastmoney.com/040001.html
010283,hh,中信建投智享生活混合C,2021-11-12,1.352,1.352,0.9,4.18,14.38,9.09,39.87,35.2,,,34.89,35.2,0.00%,http://fund.eastmoney.com/010283.html
007803,hh,兴全合泰混合C,2021-11-12,2.0409,2.0409,1.18,3.29,14.37,3.07,26.67,41.51,102.39,,25.93,104.09,0.00%,http://fund.eastmoney.com/007803.html
002634,hh,华宝未来主导混合A,2021-11-12,1.8,1.8,-0.06,3.03,14.36,10.29,46.82,35.24,114.29,175.65,36.78,80.0,0.15%,http://fund.eastmoney.com/002634.html
009067,gp,国泰中证新能源汽车ETF联接A,2021-11-12,3.0547,3.0547,0.3,2.42,14.36,5.65,61.9,85.73,,,54.42,205.47,0.10%,http://fund.eastmoney.com/009067.html
009068,gp,国泰中证新能源汽车ETF联接C,2021-11-12,3.0405,3.0405,0.3,2.42,14.33,5.57,61.65,85.18,,,54.01,204.05,0.00%,http://fund.eastmoney.com/009068.html
002083,hh,新华鑫动力灵活配置混合A,2021-11-12,3.6129,3.6129,0.75,1.77,14.28,6.26,69.37,96.25,254.55,384.3,55.39,261.29,0.10%,http://fund.eastmoney.com/002083.html
630005,hh,华商动态阿尔法混合,2021-11-12,2.298,2.738,0.48,2.86,14.27,5.17,23.35,24.28,96.75,124.13,17.07,219.84,0.15%,http://fund.eastmoney.com/630005.html
002084,hh,新华鑫动力灵活配置混合C,2021-11-12,3.5911,3.5911,0.75,1.77,14.27,6.23,69.28,96.02,253.8,383.32,55.26,259.11,0.00%,http://fund.eastmoney.com/002084.html
004332,hh,恒生沪港深新兴产业精选混合,2021-11-12,2.2926,2.2926,1.12,1.11,14.22,3.44,44.88,50.01,116.94,163.91,35.21,129.26,0.15%,http://fund.eastmoney.com/004332.html
006251,gp,银华兴盛股票,2021-11-12,2.4902,2.4902,1.57,1.84,14.22,7.82,37.72,48.39,145.99,,25.54,149.02,0.15%,http://fund.eastmoney.com/006251.html
001702,hh,东方创新科技混合,2021-11-12,2.9887,2.9887,0.48,2.45,14.19,8.09,46.23,55.22,211.55,325.07,35.58,198.87,0.15%,http://fund.eastmoney.com/001702.html
310328,hh,申万菱信新动力混合,2021-11-12,1.0314,4.2755,1.08,3.68,14.18,6.31,26.69,36.06,103.88,184.15,26.24,818.04,0.15%,http://fund.eastmoney.com/310328.html
008640,hh,方正富邦科技创新A,2021-11-12,2.6518,2.6518,-0.14,2.43,14.17,6.0,58.83,84.14,,,52.82,165.18,0.15%,http://fund.eastmoney.com/008640.html
160805,hh,长盛同智优势混合(LOF),2021-11-12,1.75,3.3806,0.5,2.69,14.15,6.85,54.24,61.12,135.61,171.05,44.99,230.6,0.15%,http://fund.eastmoney.com/160805.html
001534,hh,华宝万物互联混合,2021-11-12,1.888,1.888,1.02,3.74,14.15,4.66,30.66,32.68,114.55,169.71,18.22,88.8,0.15%,http://fund.eastmoney.com/001534.html
008641,hh,方正富邦科技创新C,2021-11-12,2.6385,2.6385,-0.14,2.43,14.14,5.92,58.58,83.59,,,52.42,163.85,0.00%,http://fund.eastmoney.com/008641.html
001811,hh,中欧明睿新常态混合A,2021-11-12,3.6701,3.9211,0.13,2.48,14.11,6.75,50.54,75.43,167.7,282.89,56.71,349.85,0.15%,http://fund.eastmoney.com/001811.html
000928,hh,中融国企改革混合,2021-11-12,2.156,2.156,0.7,2.62,14.07,2.42,18.2,26.3,101.12,140.09,12.88,115.6,0.15%,http://fund.eastmoney.com/000928.html
003145,gp,中融竞争优势,2021-11-12,2.2221,2.2221,1.75,3.33,14.04,3.23,27.73,46.78,157.46,247.04,34.01,122.21,0.15%,http://fund.eastmoney.com/003145.html
005765,hh,中欧明睿新常态混合C,2021-11-12,3.5977,3.7647,0.13,2.47,14.03,6.54,49.9,74.05,163.37,273.39,55.61,236.95,0.00%,http://fund.eastmoney.com/005765.html
001156,hh,申万菱信新能源汽车混合,2021-11-12,3.018,3.608,0.27,2.76,13.97,7.94,62.34,84.59,294.96,372.11,51.49,264.94,0.15%,http://fund.eastmoney.com/001156.html
000336,hh,农银研究精选混合,2021-11-12,5.653,5.653,0.52,2.71,13.96,10.87,66.39,89.01,344.98,456.78,54.04,465.3,0.15%,http://fund.eastmoney.com/000336.html
006573,hh,人保行业轮动混合A,2021-11-12,1.8907,1.8907,0.92,4.97,13.92,2.55,24.54,24.35,70.81,,17.16,89.07,0.15%,http://fund.eastmoney.com/006573.html
006879,hh,华安智能生活混合A,2021-11-12,2.6416,2.6416,0.88,6.3,13.88,11.71,20.46,37.7,84.47,,35.95,164.16,0.15%,http://fund.eastmoney.com/006879.html
006250,hh,上投摩根动力精选混合A,2021-11-12,3.8832,3.8832,0.27,3.18,13.88,5.54,69.36,82.01,258.16,,52.4,288.32,0.15%,http://fund.eastmoney.com/006250.html
006574,hh,人保行业轮动混合C,2021-11-12,1.8624,1.8624,0.92,4.96,13.87,2.43,24.23,23.74,69.36,,16.66,86.24,0.00%,http://fund.eastmoney.com/006574.html
000264,hh,博时内需增长混合A,2021-11-12,1.985,1.735,0.92,4.25,13.75,2.64,34.49,39.49,99.9,143.26,16.01,94.04,0.15%,http://fund.eastmoney.com/000264.html
001749,gp,招商中国机遇股票,2021-11-12,2.683,2.683,0.68,4.85,13.69,6.85,31.65,38.8,160.23,232.88,21.62,168.3,0.15%,http://fund.eastmoney.com/001749.html
009644,hh,东方阿尔法优势产业混合A,2021-11-12,2.4166,2.4166,0.58,2.32,13.68,9.06,87.17,129.65,,,84.15,141.66,0.15%,http://fund.eastmoney.com/009644.html
003501,hh,泰达睿智稳健混合A,2021-11-12,1.5277,1.8278,1.08,3.85,13.68,9.7,45.04,56.84,100.86,135.2,44.52,89.48,0.15%,http://fund.eastmoney.com/003501.html
162208,gp,泰达宏利首选企业股票,2021-11-12,2.25,3.4283,1.3,1.85,13.65,4.15,31.7,44.63,129.65,246.86,24.88,466.47,0.15%,http://fund.eastmoney.com/162208.html
009645,hh,东方阿尔法优势产业混合C,2021-11-12,2.4003,2.4003,0.58,2.31,13.64,8.93,86.72,128.53,,,83.37,140.03,0.00%,http://fund.eastmoney.com/009645.html
160225,gp,国泰国证新能源汽车指数,2021-11-12,2.5003,2.5003,0.58,2.8,13.63,3.79,51.97,70.12,227.87,246.93,43.42,147.52,0.12%,http://fund.eastmoney.com/160225.html
007474,gp,华夏创成长ETF联接A,2021-11-12,2.7748,2.7748,0.08,3.88,13.47,3.78,22.83,46.76,148.08,,26.78,177.48,0.12%,http://fund.eastmoney.com/007474.html
008186,hh,淳厚信睿混合A,2021-11-12,2.0056,2.0056,1.29,4.56,13.47,8.79,16.1,33.32,,,20.45,100.56,0.12%,http://fund.eastmoney.com/008186.html
001487,hh,宝盈优势产业混合A,2021-11-12,3.6862,3.8362,1.81,4.5,13.46,3.67,44.95,101.87,166.54,309.12,90.21,320.06,0.15%,http://fund.eastmoney.com/001487.html
007475,gp,华夏创成长ETF联接C,2021-11-12,2.7488,2.7488,0.08,3.87,13.43,3.68,22.58,46.17,146.11,,26.34,174.88,0.00%,http://fund.eastmoney.com/007475.html
008187,hh,淳厚信睿混合C,2021-11-12,1.9882,1.9882,1.29,4.55,13.42,8.65,15.81,32.65,,,19.93,98.82,0.00%,http://fund.eastmoney.com/008187.html
009402,hh,交银启明混合A,2021-11-12,1.7731,1.7731,1.87,5.2,13.39,8.17,35.26,55.95,,,33.34,77.31,0.15%,http://fund.eastmoney.com/009402.html
007306,hh,华泰柏瑞基本面智选A,2021-11-12,3.3031,3.3031,1.38,3.2,13.32,5.7,36.19,63.29,175.4,,36.49,230.31,0.15%,http://fund.eastmoney.com/007306.html
000592,gp,建信改革红利股票,2021-11-12,6.803,6.803,0.8,1.81,13.31,7.51,43.61,58.36,200.88,293.01,37.82,580.3,0.15%,http://fund.eastmoney.com/000592.html
007307,hh,华泰柏瑞基本面智选C,2021-11-12,3.2694,3.2694,1.38,3.19,13.3,5.64,36.02,62.89,174.51,,36.19,226.94,0.00%,http://fund.eastmoney.com/007307.html
112002,hh,易方达策略成长二号混合,2021-11-12,1.382,3.817,1.25,4.86,13.09,2.83,24.54,25.56,66.67,108.86,20.64,402.96,0.20%,http://fund.eastmoney.com/112002.html
009189,hh,华宝成长策略混合,2021-11-12,1.7406,1.7406,0.84,4.05,13.08,6.31,30.27,40.37,,,23.25,74.06,0.15%,http://fund.eastmoney.com/009189.html
001071,hh,华安媒体互联网混合A,2021-11-12,3.211,3.211,1.07,6.18,13.06,11.07,19.37,35.03,81.21,203.78,34.46,221.1,0.15%,http://fund.eastmoney.com/001071.html
010363,hh,信达澳银匠心臻选两年持有期混合,2021-11-12,1.7081,1.7081,1.39,4.29,13.05,13.91,54.97,70.86,,,54.76,70.81,1.50%,http://fund.eastmoney.com/010363.html
009049,hh,易方达高端制造混合,2021-11-12,2.158,2.158,1.62,3.44,13.05,5.61,41.87,50.55,,,37.54,115.8,0.15%,http://fund.eastmoney.com/009049.html
001000,hh,中欧明睿新起点混合,2021-11-12,2.582,2.582,-0.27,3.2,13.05,2.5,29.29,43.05,135.58,249.39,24.13,158.2,0.15%,http://fund.eastmoney.com/001000.html
673060,hh,西部利得景瑞灵活配置混合A,2021-11-12,3.166,3.261,1.15,1.93,13.03,10.39,51.85,67.69,156.56,329.83,53.91,240.86,0.06%,http://fund.eastmoney.com/673060.html
007277,hh,恒生前海消费升级混合,2021-11-12,1.5011,1.5011,0.48,0.13,13.02,4.45,15.91,22.82,,,6.57,50.11,0.15%,http://fund.eastmoney.com/007277.html
009258,hh,西部利得景瑞灵活配置混合C,2021-11-12,3.148,3.243,1.16,1.94,12.99,10.3,51.56,67.09,,,53.34,150.44,0.00%,http://fund.eastmoney.com/009258.html
005815,hh,农银汇理睿选灵活配置混合,2021-11-12,3.1812,3.1812,0.67,2.67,12.97,4.82,47.08,44.86,169.16,283.14,32.9,218.12,0.15%,http://fund.eastmoney.com/005815.html
009055,hh,圆信永丰大湾区A,2021-11-12,1.8708,1.8708,0.17,4.4,12.96,6.31,29.71,47.62,,,30.96,87.08,0.15%,http://fund.eastmoney.com/009055.html
002681,hh,金鹰元和灵活配置混合A,2021-11-12,1.5637,2.3387,1.35,3.51,12.94,12.38,27.65,57.62,149.56,168.82,31.23,158.39,0.12%,http://fund.eastmoney.com/002681.html
009056,hh,圆信永丰大湾区C,2021-11-12,1.852,1.852,0.16,4.4,12.92,6.2,29.43,46.76,,,30.35,85.2,0.00%,http://fund.eastmoney.com/009056.html
002682,hh,金鹰元和灵活配置混合C,2021-11-12,1.5185,2.2735,1.35,3.5,12.89,12.22,27.23,56.65,146.59,163.8,30.52,149.67,0.00%,http://fund.eastmoney.com/002682.html
001951,hh,金鹰改革红利混合,2021-11-12,3.635,3.635,-0.22,3.62,12.89,4.97,45.81,100.61,235.64,309.35,65.23,263.5,0.15%,http://fund.eastmoney.com/001951.html
000458,hh,英大领先回报混合发起式,2021-11-12,1.6972,2.3572,0.74,2.61,12.88,8.27,36.42,37.0,89.08,110.44,33.36,197.99,0.12%,http://fund.eastmoney.com/000458.html
005037,gp,银华新能源新材料A,2021-11-12,2.4555,2.4555,0.49,2.54,12.86,5.88,61.59,89.38,231.91,263.89,57.7,145.53,0.15%,http://fund.eastmoney.com/005037.html
005038,gp,银华新能源新材料C,2021-11-12,2.4119,2.4119,0.49,2.54,12.83,5.78,61.28,88.64,229.27,259.29,57.17,141.17,0.00%,http://fund.eastmoney.com/005038.html
000531,hh,东吴阿尔法混合,2021-11-12,2.2245,2.2245,0.89,4.83,12.8,3.85,30.73,33.61,82.04,112.87,19.98,122.45,0.15%,http://fund.eastmoney.com/000531.html
009808,hh,易方达创新成长混合,2021-11-12,1.2763,1.2763,-0.09,2.89,12.74,2.46,26.39,27.3,,,18.29,27.63,0.15%,http://fund.eastmoney.com/009808.html
000431,hh,鹏华品牌传承混合,2021-11-12,4.213,4.295,0.84,3.46,12.71,2.56,32.03,42.28,157.68,300.09,29.0,355.69,0.15%,http://fund.eastmoney.com/000431.html
006377,hh,广发趋势动力混合,2021-11-12,2.1585,2.1585,1.78,3.23,12.67,5.52,19.37,34.36,87.13,,25.63,115.85,0.15%,http://fund.eastmoney.com/006377.html
040035,hh,华安逆向策略混合A,2021-11-12,7.921,8.301,1.4,3.95,12.64,5.22,30.15,43.84,150.9,272.75,28.71,1023.23,0.15%,http://fund.eastmoney.com/040035.html
007074,hh,国寿安保新蓝筹混合,2021-11-12,1.9192,1.9192,1.12,3.59,12.64,3.23,24.73,33.48,91.84,,29.97,91.92,0.15%,http://fund.eastmoney.com/007074.html
210003,hh,金鹰行业优势混合,2021-11-12,3.7874,4.1774,1.26,3.06,12.64,4.4,63.37,87.03,221.73,305.72,65.91,416.4,0.15%,http://fund.eastmoney.com/210003.html
001410,gp,信达澳银新能源产业股票,2021-11-12,5.577,5.639,1.03,3.76,12.55,5.09,60.67,55.39,187.03,351.21,51.14,483.86,0.15%,http://fund.eastmoney.com/001410.html
519702,hh,交银趋势混合A,2021-11-12,4.5649,5.0649,1.45,3.22,12.55,12.05,50.01,68.7,185.31,295.92,70.65,563.05,0.15%,http://fund.eastmoney.com/519702.html
001694,hh,华安沪港深外延增长混合,2021-11-12,4.844,4.919,1.38,4.02,12.55,5.86,24.27,33.37,157.93,311.55,21.31,409.2,0.15%,http://fund.eastmoney.com/001694.html
001270,hh,英大灵活配置混合型发起式A,2021-11-12,1.8133,2.0633,0.68,2.25,12.54,6.65,32.9,25.39,69.57,113.09,25.33,128.27,0.10%,http://fund.eastmoney.com/001270.html
007777,hh,中邮研究精选混合,2021-11-12,1.6312,1.9229,1.65,4.47,12.53,8.43,40.97,38.64,103.9,,21.7,104.61,0.15%,http://fund.eastmoney.com/007777.html
009511,hh,信达澳银研究优选混合,2021-11-12,1.6131,1.6131,1.05,3.72,12.51,5.36,64.22,58.63,,,55.27,61.31,0.15%,http://fund.eastmoney.com/009511.html
001271,hh,英大灵活配置混合型发起式B,2021-11-12,1.7304,1.9804,0.67,2.24,12.49,6.51,32.56,24.76,68.12,108.54,24.79,119.24,0.00%,http://fund.eastmoney.com/001271.html
003751,hh,万家瑞隆混合,2021-11-12,2.6758,2.6758,1.97,6.26,12.48,12.43,37.06,75.57,145.98,206.44,58.07,167.58,0.15%,http://fund.eastmoney.com/003751.html
550002,hh,中信保诚精萃成长混合,2021-11-12,1.0814,4.466,0.77,2.42,12.46,5.8,31.38,51.98,142.52,208.26,37.55,913.51,0.15%,http://fund.eastmoney.com/550002.html
001877,gp,宝盈国家安全沪港深股票A,2021-11-12,1.7997,1.7997,1.87,5.09,12.45,7.57,46.08,67.57,114.25,147.21,59.83,79.97,0.15%,http://fund.eastmoney.com/001877.html
000124,hh,华宝服务优选混合,2021-11-12,4.655,4.955,0.43,3.35,12.44,3.44,39.92,43.72,155.49,213.47,25.17,407.9,0.15%,http://fund.eastmoney.com/000124.html
470098,hh,汇添富逆向投资混合,2021-11-12,4.597,5.166,0.81,3.4,12.42,4.95,24.31,35.44,126.79,189.85,29.42,543.96,0.15%,http://fund.eastmoney.com/470098.html
009931,hh,淳厚欣享一年持有期混合A,2021-11-12,1.352,1.352,1.3,4.61,12.4,8.53,15.55,31.74,,,19.43,35.2,0.12%,http://fund.eastmoney.com/009931.html
004925,gp,长信低碳环保行业量化股票A,2021-11-12,3.0125,3.0125,0.21,1.7,12.38,8.07,74.02,93.9,256.72,290.93,60.41,201.25,0.15%,http://fund.eastmoney.com/004925.html
009939,hh,淳厚欣享一年持有期混合C,2021-11-12,1.3442,1.3442,1.3,4.61,12.35,8.39,15.26,31.08,,,18.92,34.42,0.00%,http://fund.eastmoney.com/009939.html
005825,gp,申万菱信智能驱动股票,2021-11-12,4.0254,4.0254,1.47,3.98,12.35,8.53,41.16,66.09,187.82,320.85,45.44,302.54,0.15%,http://fund.eastmoney.com/005825.html
320006,hh,诺安灵活配置混合,2021-11-12,4.4,4.98,2.14,3.0,12.27,5.9,30.8,58.73,120.0,132.93,28.24,635.48,0.18%,http://fund.eastmoney.com/320006.html
519773,hh,交银数据产业灵活配置混合,2021-11-12,2.447,2.447,1.07,3.38,12.25,3.16,21.92,25.62,116.17,244.65,18.73,144.7,0.15%,http://fund.eastmoney.com/519773.html
002296,hh,长城行业轮动混合A,2021-11-12,2.7451,2.7451,0.6,1.83,12.21,5.01,78.3,104.45,134.1,156.7,89.4,174.51,0.15%,http://fund.eastmoney.com/002296.html
164304,gp,新华中证环保产业指数,2021-11-12,1.7739,1.7739,0.68,2.57,12.19,12.1,57.96,79.72,163.63,167.39,56.43,103.62,0.10%,http://fund.eastmoney.com/164304.html
001229,hh,德邦福鑫灵活配置混合A,2021-11-12,2.2887,2.2887,0.71,1.91,12.17,7.15,42.29,57.88,134.16,130.81,43.64,128.87,0.15%,http://fund.eastmoney.com/001229.html
000601,hh,华宝创新优选混合,2021-11-12,3.163,3.503,0.48,3.43,12.16,3.1,38.67,41.08,170.57,290.98,23.07,280.62,0.15%,http://fund.eastmoney.com/000601.html
006199,hh,长盛同锦研究精选混合,2021-11-12,1.6925,1.6925,3.54,7.64,12.15,14.4,18.67,23.17,61.34,,17.89,69.25,0.15%,http://fund.eastmoney.com/006199.html
002106,hh,德邦福鑫灵活配置混合C,2021-11-12,2.2465,2.2465,0.71,1.9,12.15,7.08,42.1,57.49,132.97,129.45,43.33,120.7,0.00%,http://fund.eastmoney.com/002106.html
008445,gp,融通产业趋势先锋股票,2021-11-12,1.5641,1.5641,1.01,3.46,12.15,3.98,35.73,35.06,,,27.01,56.41,0.15%,http://fund.eastmoney.com/008445.html
160634,gp,鹏华中证环保产业指数(LOF),2021-11-12,1.846,1.315,0.71,2.56,12.15,11.61,61.08,81.51,166.93,178.07,57.51,40.65,0.12%,http://fund.eastmoney.com/160634.html
006257,gp,信达澳银先进智造股票型,2021-11-12,3.4242,3.4242,1.02,3.72,12.11,5.44,60.55,56.04,183.53,,51.35,242.42,0.15%,http://fund.eastmoney.com/006257.html
007202,hh,天弘优质成长企业,2021-11-12,2.4137,2.4137,0.56,4.23,12.11,7.38,41.29,52.74,138.32,,34.93,141.37,0.15%,http://fund.eastmoney.com/007202.html
001166,gp,建信环保产业股票,2021-11-12,1.808,1.808,0.67,0.61,12.09,7.81,44.29,62.59,173.94,205.92,39.61,80.8,0.15%,http://fund.eastmoney.com/001166.html
000697,gp,汇添富移动互联股票,2021-11-12,2.293,2.293,0.61,2.5,12.07,2.27,17.71,18.87,86.57,145.24,10.56,129.3,0.15%,http://fund.eastmoney.com/000697.html
165313,hh,建信优势动力混合(LOF),2021-11-12,3.646,3.646,0.89,1.56,11.98,3.76,21.98,35.49,129.74,208.46,21.82,264.6,0.15%,http://fund.eastmoney.com/165313.html
163114,gp,申万菱信中证环保产业指数(LOF)A,2021-11-12,1.8975,3.1777,0.67,2.58,11.97,11.43,58.52,84.03,183.51,204.36,58.63,176.85,0.12%,http://fund.eastmoney.com/163114.html
010419,gp,申万菱信中证环保产业指数(LOF)C,2021-11-12,1.8447,1.8447,0.67,2.57,11.96,11.35,58.29,83.52,,,58.22,84.47,0.00%,http://fund.eastmoney.com/010419.html
160642,hh,鹏华增瑞混合(LOF),2021-11-12,2.2627,2.2627,2.6,5.33,11.94,6.43,29.13,39.99,114.72,160.38,31.21,126.27,0.15%,http://fund.eastmoney.com/160642.html
630016,hh,华商价值共享混合发起式,2021-11-12,4.714,5.074,0.32,1.75,11.94,2.19,31.79,41.39,125.77,220.9,25.11,495.17,0.15%,http://fund.eastmoney.com/630016.html
210008,hh,金鹰策略配置混合,2021-11-12,3.5758,4.1758,-0.2,3.08,11.92,3.91,48.66,89.39,233.5,278.19,58.2,413.22,0.15%,http://fund.eastmoney.com/210008.html
001128,hh,宝盈新兴产业混合A,2021-11-12,1.2112,1.2112,1.77,3.62,11.91,2.53,39.86,41.5,93.17,153.92,32.23,21.12,0.15%,http://fund.eastmoney.com/001128.html
002085,hh,长盛互联网+混合,2021-11-12,1.654,1.654,3.5,7.54,11.91,14.23,17.14,20.47,56.33,72.29,15.26,65.4,0.15%,http://fund.eastmoney.com/002085.html
009891,gp,融通产业趋势臻选股票,2021-11-12,1.1943,1.1943,1.01,3.44,11.91,3.42,31.89,20.83,,,19.37,19.43,0.15%,http://fund.eastmoney.com/009891.html
007484,hh,信达澳银核心科技混合,2021-11-12,2.7404,2.7404,1.02,3.58,11.86,5.91,60.37,55.62,167.64,,51.22,174.04,0.15%,http://fund.eastmoney.com/007484.html
400015,hh,东方新能源汽车混合,2021-11-12,4.6576,5.1176,0.13,2.6,11.85,3.55,74.98,106.43,327.77,354.89,65.9,521.02,0.15%,http://fund.eastmoney.com/400015.html
007527,hh,融通量化多策略混合A,2021-11-12,2.179,2.179,1.05,3.23,11.84,2.62,28.09,25.38,114.43,,15.45,117.9,0.15%,http://fund.eastmoney.com/007527.html
001064,gp,广发中证环保ETF联接A,2021-11-12,1.3704,1.3704,0.66,2.53,11.82,10.63,54.66,74.2,155.67,165.79,51.02,37.04,0.12%,http://fund.eastmoney.com/001064.html
002984,gp,广发中证环保ETF联接C,2021-11-12,1.3534,1.3534,0.66,2.53,11.81,10.58,54.52,73.85,154.64,164.23,50.76,80.12,0.00%,http://fund.eastmoney.com/002984.html
420005,hh,天弘周期策略混合,2021-11-12,3.015,3.386,1.31,5.57,11.79,14.2,25.68,39.91,112.62,150.83,30.86,309.96,0.15%,http://fund.eastmoney.com/420005.html
007528,hh,融通量化多策略混合C,2021-11-12,2.1546,2.1546,1.05,3.21,11.79,2.49,27.76,24.75,112.25,,14.94,115.46,0.00%,http://fund.eastmoney.com/007528.html
001662,hh,创金合信沪港深精选混合,2021-11-12,2.061,2.061,-0.1,2.74,11.77,2.74,22.39,29.14,97.04,120.19,14.06,106.1,0.15%,http://fund.eastmoney.com/001662.html
007343,hh,嘉实科技创新混合,2021-11-12,2.7485,2.7485,0.27,5.29,11.74,5.52,22.77,31.71,140.4,,19.2,174.85,0.15%,http://fund.eastmoney.com/007343.html
002577,hh,南方新兴混合,2021-11-12,1.866,1.866,0.76,2.47,11.74,3.15,20.78,29.85,97.04,180.6,17.43,86.6,0.15%,http://fund.eastmoney.com/002577.html
006392,hh,中信保诚创新成长混合,2021-11-12,3.772,3.772,0.8,2.45,11.7,5.71,38.73,68.25,225.59,,49.1,277.2,0.15%,http://fund.eastmoney.com/006392.html
000279,hh,华商红利优选混合,2021-11-12,1.06,2.617,0.28,2.61,11.7,3.72,19.28,21.03,82.76,112.57,14.52,335.7,0.15%,http://fund.eastmoney.com/000279.html
000066,hh,诺安鸿鑫混合,2021-11-12,2.1737,3.0678,0.43,2.66,11.67,4.92,22.38,41.86,84.04,102.2,33.14,206.78,0.15%,http://fund.eastmoney.com/000066.html
163822,hh,中银主题策略混合,2021-11-12,4.358,4.458,0.95,2.4,11.66,4.33,29.43,37.3,131.81,223.05,29.74,353.48,0.15%,http://fund.eastmoney.com/163822.html
070021,hh,嘉实主题新动力混合,2021-11-12,4.252,4.252,0.83,2.53,11.63,2.98,31.28,33.75,129.59,231.15,31.72,325.2,0.15%,http://fund.eastmoney.com/070021.html
000985,gp,嘉实逆向策略股票,2021-11-12,2.862,2.862,0.85,2.58,11.62,3.25,32.62,36.87,132.87,230.48,34.43,186.2,0.15%,http://fund.eastmoney.com/000985.html
010114,hh,华宝新兴成长混合,2021-11-12,1.3099,1.3099,0.57,3.39,11.62,3.23,31.52,28.62,,,18.95,30.99,0.15%,http://fund.eastmoney.com/010114.html
001892,hh,长盛新兴成长混合,2021-11-12,2.02,2.02,3.48,7.39,11.6,13.1,16.83,21.98,87.21,106.97,15.89,102.0,0.15%,http://fund.eastmoney.com/001892.html
001220,hh,民生加银研究精选混合,2021-11-12,2.01,2.01,0.25,1.77,11.6,2.6,30.52,40.56,131.3,209.23,20.58,101.0,0.15%,http://fund.eastmoney.com/001220.html
000586,gp,景顺长城中小创精选股票,2021-11-12,2.899,2.899,1.83,4.43,11.54,5.0,31.89,28.56,86.07,125.95,21.15,189.9,0.15%,http://fund.eastmoney.com/000586.html
001880,hh,长城中国智造灵活配置混合A,2021-11-12,2.8143,2.8143,2.1,1.58,11.51,2.27,35.1,39.51,141.67,204.64,21.12,181.43,0.15%,http://fund.eastmoney.com/001880.html
005136,hh,华安幸福生活混合,2021-11-12,3.5329,3.5329,1.28,2.63,11.5,4.3,37.0,55.07,192.0,327.4,39.36,253.29,0.15%,http://fund.eastmoney.com/005136.html
004351,hh,汇丰晋信珠三角区域发展混合,2021-11-12,1.9308,1.9308,1.43,3.25,11.5,7.21,32.59,37.55,86.93,119.66,12.43,93.08,0.15%,http://fund.eastmoney.com/004351.html
519935,gp,长信创新驱动股票,2021-11-12,2.226,2.226,-0.27,3.78,11.47,5.4,29.42,27.86,79.95,118.45,19.55,122.6,0.15%,http://fund.eastmoney.com/519935.html
007261,hh,融通消费升级混合,2021-11-12,2.2815,2.3115,0.95,3.2,11.44,2.19,30.26,31.35,126.05,,19.39,135.0,0.15%,http://fund.eastmoney.com/007261.html
001852,hh,融通中国风1号灵活配置混合A/B,2021-11-12,3.281,3.311,0.98,3.24,11.41,2.21,29.28,21.61,93.46,213.37,13.96,237.54,0.15%,http://fund.eastmoney.com/001852.html
673141,hh,西部利得景程混合A,2021-11-12,1.4043,1.4043,0.16,3.73,11.37,7.82,25.56,19.22,24.99,38.19,19.51,40.43,0.08%,http://fund.eastmoney.com/673141.html
673143,hh,西部利得景程混合C,2021-11-12,1.4008,1.4008,0.16,3.73,11.37,7.81,25.52,19.12,24.74,38.0,19.42,40.08,0.00%,http://fund.eastmoney.com/673143.html
007012,hh,湘财长顺混合发起式A,2021-11-12,1.2655,2.01,1.66,3.82,11.26,9.51,20.21,29.11,129.4,,23.92,132.03,0.15%,http://fund.eastmoney.com/007012.html
007137,gp,鹏扬元合量化大盘A,2021-11-12,1.9521,1.9521,1.37,4.13,11.26,4.4,26.37,44.13,90.1,,27.01,95.21,0.15%,http://fund.eastmoney.com/007137.html
001457,hh,华商新常态混合,2021-11-12,1.544,2.287,1.38,3.9,11.24,6.85,35.23,53.28,170.22,259.41,38.54,177.97,0.15%,http://fund.eastmoney.com/001457.html
005840,hh,富国产业驱动混合,2021-11-12,3.5014,3.5014,1.16,3.19,11.23,4.74,29.37,38.25,151.52,,26.56,250.14,0.15%,http://fund.eastmoney.com/005840.html
007013,hh,湘财长顺混合发起式C,2021-11-12,1.2622,1.9869,1.66,3.82,11.22,9.39,19.92,28.48,126.63,,23.39,128.28,0.00%,http://fund.eastmoney.com/007013.html
007138,gp,鹏扬元合量化大盘C,2021-11-12,1.8881,1.8881,1.37,4.11,11.19,4.18,25.86,42.97,85.4,,26.13,88.81,0.00%,http://fund.eastmoney.com/007138.html
001827,hh,富国研究优选沪港深混合,2021-11-12,3.439,3.439,1.21,3.3,11.15,6.87,34.07,49.39,157.22,224.74,35.18,243.9,0.15%,http://fund.eastmoney.com/001827.html
001887,hh,中欧价值智选混合E,2021-11-12,5.9449,6.2949,1.77,3.74,11.09,6.6,17.24,47.05,155.09,232.45,45.98,287.2,0.15%,http://fund.eastmoney.com/001887.html
166019,hh,中欧价值智选混合A,2021-11-12,5.387,5.707,1.77,3.74,11.09,6.6,17.24,47.05,155.11,231.94,45.98,534.63,0.15%,http://fund.eastmoney.com/166019.html
005630,hh,华安研究精选混合A,2021-11-12,3.0387,3.28,1.42,2.57,11.04,3.24,32.09,52.59,160.79,313.55,31.71,239.73,0.15%,http://fund.eastmoney.com/005630.html
004235,hh,中欧价值智选混合C,2021-11-12,5.1355,5.1355,1.77,3.72,11.02,6.38,16.77,45.91,151.26,224.13,44.99,195.69,0.00%,http://fund.eastmoney.com/004235.html
005474,hh,泰康均衡优选混合A,2021-11-12,2.2307,2.2307,0.79,3.02,11.01,4.48,14.03,20.88,98.67,172.27,11.03,123.07,0.15%,http://fund.eastmoney.com/005474.html
000547,hh,建信健康民生混合,2021-11-12,6.884,6.884,0.7,2.39,10.98,7.48,30.18,53.59,154.87,271.51,41.56,588.4,0.15%,http://fund.eastmoney.com/000547.html
002168,gp,嘉实智能汽车股票,2021-11-12,4.719,4.719,0.23,2.7,10.96,4.87,46.1,56.0,195.86,319.09,31.19,371.9,0.15%,http://fund.eastmoney.com/002168.html
001278,hh,前海开源清洁能源混合A,2021-11-12,2.116,2.476,-0.09,1.73,10.96,7.41,25.88,35.04,68.07,144.53,31.59,182.9,0.15%,http://fund.eastmoney.com/001278.html
165516,hh,信诚周期轮动混合(LOF),2021-11-12,6.361,7.5,0.66,3.58,10.95,3.73,38.07,68.02,227.44,358.33,40.85,811.68,0.15%,http://fund.eastmoney.com/165516.html
002360,hh,前海开源清洁能源混合C,2021-11-12,2.108,2.468,-0.09,1.69,10.95,7.39,25.85,34.87,67.7,143.66,31.5,181.76,0.15%,http://fund.eastmoney.com/002360.html
001986,hh,前海开源人工智能主题混合,2021-11-12,2.541,2.541,-0.2,2.54,10.91,6.41,18.13,28.59,114.25,168.32,15.61,154.1,0.15%,http://fund.eastmoney.com/001986.html
160624,hh,鹏华消费领先混合,2021-11-12,4.944,4.596,0.37,2.91,10.85,7.71,24.38,30.45,125.65,243.1,18.65,394.4,0.15%,http://fund.eastmoney.com/160624.html
006526,hh,鹏华优选回报混合A,2021-11-12,2.0645,2.0645,0.52,2.89,10.82,9.46,31.11,38.38,93.54,,25.33,106.45,0.15%,http://fund.eastmoney.com/006526.html
690004,hh,民生加银稳健成长混合,2021-11-12,4.03,4.03,0.5,1.49,10.78,4.27,18.32,29.79,126.15,172.3,14.36,303.0,0.15%,http://fund.eastmoney.com/690004.html
002683,hh,民生加银前沿科技灵活配置混合,2021-11-12,2.296,2.296,0.48,1.37,10.76,4.27,19.83,30.08,114.58,158.85,14.63,129.6,0.15%,http://fund.eastmoney.com/002683.html
001856,hh,易方达环保主题混合,2021-11-12,4.415,4.415,0.85,2.25,10.73,7.63,46.73,59.67,226.31,375.75,41.6,341.5,0.15%,http://fund.eastmoney.com/001856.html
400032,hh,东方主题精选混合,2021-11-12,2.0906,2.0906,2.07,4.5,10.67,9.36,34.7,72.62,221.53,289.89,49.78,109.06,0.15%,http://fund.eastmoney.com/400032.html
005028,hh,鹏华研究精选灵活配置混合,2021-11-12,2.8456,2.8456,0.48,1.41,10.62,5.25,27.21,26.61,135.68,240.63,16.27,184.56,0.15%,http://fund.eastmoney.com/005028.html
001339,hh,兴银鼎新灵活配置混合,2021-11-12,2.314,2.371,0.56,1.18,10.61,8.03,57.84,54.99,151.8,167.82,43.55,143.97,0.05%,http://fund.eastmoney.com/001339.html
660001,hh,农银行业成长混合,2021-11-12,4.1272,4.7272,0.62,2.32,10.6,6.94,21.33,20.92,94.25,126.97,11.34,538.78,0.15%,http://fund.eastmoney.com/660001.html
006478,gp,长盛多因子策略优选,2021-11-12,2.2434,2.3744,0.82,3.76,10.59,4.6,29.16,34.09,110.73,,21.98,141.77,0.15%,http://fund.eastmoney.com/006478.html
002295,hh,广发稳安灵活配置A,2021-11-12,2.2803,2.2803,0.78,3.64,10.58,4.3,25.11,34.06,100.38,110.94,20.45,128.03,0.10%,http://fund.eastmoney.com/002295.html
008604,hh,广发稳安灵活配置C,2021-11-12,2.2623,2.2623,0.78,3.63,10.54,4.19,24.86,33.52,,,20.04,94.41,0.00%,http://fund.eastmoney.com/008604.html
005094,hh,万家臻选混合,2021-11-12,2.9889,2.9889,2.68,12.45,10.49,12.55,54.15,58.1,213.07,264.1,32.65,198.89,0.15%,http://fund.eastmoney.com/005094.html
660004,hh,农银策略价值混合,2021-11-12,4.981,4.981,0.62,2.28,10.46,7.3,21.9,32.02,129.3,197.23,20.12,398.1,0.15%,http://fund.eastmoney.com/660004.html
000534,hh,长盛高端装备混合,2021-11-12,3.846,3.846,0.6,0.39,10.45,5.54,24.83,34.1,141.73,192.25,25.4,284.6,0.15%,http://fund.eastmoney.com/000534.html
002861,gp,工银智能制造股票,2021-11-12,2.084,2.084,1.12,3.32,10.44,2.96,18.34,32.49,122.89,229.75,15.52,108.4,0.15%,http://fund.eastmoney.com/002861.html
519995,hh,长信金利趋势混合,2021-11-12,0.7188,3.9977,1.1,3.62,10.38,9.77,32.55,36.17,114.99,172.78,30.51,565.03,0.15%,http://fund.eastmoney.com/519995.html
377020,hh,上投摩根内需动力混合,2021-11-12,1.6724,2.6903,-0.52,0.7,10.38,4.0,15.33,33.87,120.45,204.33,18.53,285.62,0.15%,http://fund.eastmoney.com/377020.html
005876,hh,易方达鑫转增利混合A,2021-11-12,2.1882,2.1882,1.38,4.71,10.37,7.82,33.43,40.57,106.94,118.82,31.64,118.82,0.10%,http://fund.eastmoney.com/005876.html
005877,hh,易方达鑫转增利混合C,2021-11-12,2.1474,2.1474,1.38,4.71,10.32,7.67,33.04,39.73,104.49,114.74,30.96,114.74,0.00%,http://fund.eastmoney.com/005877.html
000073,hh,上投摩根成长动力混合,2021-11-12,3.2238,3.2238,-0.56,0.72,10.31,3.9,14.45,34.57,127.51,225.31,18.51,222.38,0.15%,http://fund.eastmoney.com/000073.html
009008,hh,平安科技创新混合A,2021-11-12,2.0494,2.0494,0.16,2.75,10.31,8.63,37.75,46.93,,,26.58,104.94,0.15%,http://fund.eastmoney.com/009008.html
009009,hh,平安科技创新混合C,2021-11-12,2.022,2.022,0.16,2.73,10.24,8.41,37.2,45.76,,,25.71,102.2,0.00%,http://fund.eastmoney.com/009009.html
001449,hh,华商双驱优选混合,2021-11-12,1.867,2.057,1.25,4.07,10.21,3.61,23.72,24.55,56.5,124.13,16.61,121.01,0.15%,http://fund.eastmoney.com/001449.html
010076,hh,湘财长弘灵活配置混合A,2021-11-12,1.2969,1.2969,2.38,5.64,10.18,6.37,22.2,25.5,,,17.86,29.69,0.15%,http://fund.eastmoney.com/010076.html
001028,gp,华安物联网主题股票,2021-11-12,1.56,1.56,0.52,3.38,10.17,3.72,30.65,31.42,96.72,172.73,25.71,56.0,0.15%,http://fund.eastmoney.com/001028.html
001276,hh,建信新经济灵活配置混合,2021-11-12,1.832,1.832,-0.22,2.35,10.16,6.82,18.04,33.63,134.27,163.22,22.79,83.2,0.15%,http://fund.eastmoney.com/001276.html
010077,hh,湘财长弘灵活配置混合C,2021-11-12,1.291,1.291,2.39,5.63,10.14,6.26,21.94,24.99,,,17.44,29.1,0.00%,http://fund.eastmoney.com/010077.html
008128,gp,湘财长源股票型A,2021-11-12,1.2305,1.7227,2.07,3.84,10.14,6.84,17.08,25.55,,,20.94,80.35,0.15%,http://fund.eastmoney.com/008128.html
100022,hh,富国天瑞强势混合,2021-11-12,1.0984,6.268,0.83,2.65,10.13,4.05,22.99,35.28,138.57,201.95,21.63,2331.71,0.15%,http://fund.eastmoney.com/100022.html
160415,hh,华安量化多因子混合(LOF),2021-11-12,2.0418,1.6598,1.0,4.67,10.12,2.61,21.35,24.93,70.51,96.32,9.46,76.16,0.15%,http://fund.eastmoney.com/160415.html
167002,hh,平安鼎越混合(LOF),2021-11-12,3.1435,3.1435,0.09,2.84,10.12,8.34,73.58,91.75,193.29,285.66,64.94,214.35,0.15%,http://fund.eastmoney.com/167002.html
008129,gp,湘财长源股票型C,2021-11-12,1.2148,1.7023,2.07,3.83,10.1,6.71,16.79,24.91,,,20.42,78.08,0.00%,http://fund.eastmoney.com/008129.html
003984,gp,嘉实新能源新材料股票A,2021-11-12,3.7839,3.7839,0.4,2.62,10.07,4.66,42.31,57.62,228.29,347.38,34.19,278.39,0.15%,http://fund.eastmoney.com/003984.html
003985,gp,嘉实新能源新材料股票C,2021-11-12,3.7211,3.7211,0.4,2.61,10.02,4.53,41.96,56.84,225.02,342.99,33.61,272.11,0.00%,http://fund.eastmoney.com/003985.html
010141,gp,朱雀企业优选A,2021-11-12,1.327,1.327,0.93,2.63,10.01,3.57,17.74,26.77,,,10.81,32.7,1.50%,http://fund.eastmoney.com/010141.html
005535,hh,泰信竞争优选混合,2021-11-12,3.6528,3.6528,0.46,1.17,9.97,3.89,25.65,52.97,182.77,267.89,38.07,265.28,0.15%,http://fund.eastmoney.com/005535.html
550008,hh,信诚优胜精选混合,2021-11-12,2.363,3.542,0.81,2.43,9.95,4.44,25.01,45.3,111.41,150.92,30.44,356.88,0.15%,http://fund.eastmoney.com/550008.html
007464,gp,交银创业板50指数A,2021-11-12,2.3172,2.3172,-0.43,2.22,9.94,2.39,18.52,35.45,,,21.42,131.72,0.12%,http://fund.eastmoney.com/007464.html
160420,gp,华安创业板50指数,2021-11-12,1.7987,0.6864,-0.43,2.25,9.94,2.3,18.58,34.54,146.16,192.1,21.28,-31.36,0.12%,http://fund.eastmoney.com/160420.html
010142,gp,朱雀企业优选C,2021-11-12,1.315,1.315,0.92,2.61,9.93,3.36,17.25,25.74,,,10.05,31.5,0.00%,http://fund.eastmoney.com/010142.html
000410,hh,益民服务领先混合,2021-11-12,6.349,6.349,0.41,3.17,9.92,5.71,26.07,40.06,127.81,158.3,26.37,534.9,0.15%,http://fund.eastmoney.com/000410.html
002132,hh,广发鑫享混合,2021-11-12,3.172,3.172,1.86,4.41,9.91,6.3,32.83,43.27,207.07,309.29,32.94,217.2,0.15%,http://fund.eastmoney.com/002132.html
000598,hh,长盛生态环境混合,2021-11-12,3.327,3.327,0.54,0.33,9.91,12.47,42.24,49.33,92.09,128.03,28.85,232.7,0.15%,http://fund.eastmoney.com/000598.html
007465,gp,交银创业板50指数C,2021-11-12,2.2993,2.2993,-0.43,2.21,9.91,2.29,18.29,34.91,,,21.01,129.93,0.00%,http://fund.eastmoney.com/007465.html
377240,hh,上投摩根新兴动力混合A,2021-11-12,7.828,7.828,-0.15,2.7,9.91,5.88,31.9,52.92,170.49,278.71,35.97,682.8,0.15%,http://fund.eastmoney.com/377240.html
090009,hh,大成行业轮动混合,2021-11-12,3.732,3.732,0.84,1.33,9.86,9.03,25.91,33.1,115.97,193.63,21.44,273.2,0.15%,http://fund.eastmoney.com/090009.html
005288,gp,海富通创业板增强A,2021-11-12,2.2023,2.2023,0.35,2.4,9.8,3.12,20.18,30.34,109.24,164.89,21.91,120.23,0.15%,http://fund.eastmoney.com/005288.html
005287,gp,海富通创业板增强C,2021-11-12,2.173,2.173,0.35,2.39,9.76,3.02,19.94,29.83,107.57,162.12,21.49,117.3,0.00%,http://fund.eastmoney.com/005287.html
001468,hh,广发改革混合,2021-11-12,1.746,1.746,2.4,4.55,9.74,11.35,30.1,40.81,146.96,229.43,38.79,74.6,0.15%,http://fund.eastmoney.com/001468.html
001479,hh,中邮风格轮动灵活配置混合,2021-11-12,2.494,2.617,1.8,4.13,9.72,7.08,54.43,53.48,120.12,154.23,33.94,178.76,0.15%,http://fund.eastmoney.com/001479.html
008294,gp,朱雀企业优胜A,2021-11-12,1.7579,1.7579,0.95,2.63,9.72,2.85,16.99,30.35,,,11.68,75.79,1.50%,http://fund.eastmoney.com/008294.html
009092,hh,富国新材料新能源混合,2021-11-12,1.6751,1.6751,1.77,4.77,9.68,6.17,38.06,48.49,,,35.5,67.51,0.15%,http://fund.eastmoney.com/009092.html
080002,hh,长盛创新先锋混合A,2021-11-12,1.9301,3.1764,0.64,0.45,9.67,8.36,22.38,34.78,68.82,118.07,24.69,444.55,0.15%,http://fund.eastmoney.com/080002.html
008295,gp,朱雀企业优胜C,2021-11-12,1.7389,1.7389,0.95,2.61,9.65,2.64,16.52,29.32,,,10.92,73.89,0.00%,http://fund.eastmoney.com/008295.html
008491,hh,万家周期优势企业混合A,2021-11-12,1.3139,1.3139,1.94,6.16,9.65,9.14,29.88,30.83,,,30.76,31.39,0.15%,http://fund.eastmoney.com/008491.html
006511,hh,博道卓远混合A,2021-11-12,2.2911,2.2911,0.73,2.01,9.63,4.14,21.69,20.61,82.56,129.13,16.85,129.11,0.15%,http://fund.eastmoney.com/006511.html
001113,gp,南方大数据100A,2021-11-12,1.2604,1.2604,0.87,3.65,9.62,3.22,26.99,28.4,102.38,108.85,25.56,26.04,0.12%,http://fund.eastmoney.com/001113.html
001725,gp,汇添富高端制造股票,2021-11-12,2.827,2.827,1.11,2.84,9.62,3.93,24.59,27.06,93.23,144.76,19.69,182.7,0.15%,http://fund.eastmoney.com/001725.html
005352,hh,鹏扬景泰成长混合A,2021-11-12,2.978,2.978,-0.12,4.77,9.6,8.43,56.79,70.28,187.26,255.33,45.06,197.8,0.12%,http://fund.eastmoney.com/005352.html
008492,hh,万家周期优势企业混合C,2021-11-12,1.3072,1.3072,1.94,6.15,9.6,9.0,29.54,30.21,,,30.23,30.72,0.00%,http://fund.eastmoney.com/008492.html
001692,gp,南方国策动力,2021-11-12,2.745,2.775,0.7,2.62,9.58,4.97,24.38,32.67,105.31,202.98,19.61,181.18,0.15%,http://fund.eastmoney.com/001692.html
004344,gp,南方大数据100C,2021-11-12,1.2381,1.2381,0.86,3.64,9.58,3.11,26.74,27.88,100.76,106.38,25.14,36.61,0.00%,http://fund.eastmoney.com/004344.html
006512,hh,博道卓远混合C,2021-11-12,2.2534,2.2534,0.73,2.0,9.58,4.01,21.38,20.01,80.75,125.36,16.34,125.34,0.00%,http://fund.eastmoney.com/006512.html
005353,hh,鹏扬景泰成长混合C,2021-11-12,2.9312,2.9312,-0.12,4.77,9.57,8.33,56.48,69.59,184.94,251.08,44.57,193.12,0.00%,http://fund.eastmoney.com/005353.html
000309,gp,大摩品质生活精选股票,2021-11-12,4.241,4.241,0.74,4.95,9.56,4.2,27.74,31.26,123.56,180.49,28.4,324.1,0.15%,http://fund.eastmoney.com/000309.html
008244,hh,上银鑫卓混合,2021-11-12,1.8542,1.8542,0.59,3.14,9.52,5.53,18.18,26.89,,,18.44,85.42,0.15%,http://fund.eastmoney.com/008244.html
001070,gp,建信信息产业股票,2021-11-12,3.441,3.441,0.2,4.46,9.52,2.44,34.52,50.07,143.7,257.69,34.15,244.1,0.15%,http://fund.eastmoney.com/001070.html
166801,hh,浙商聚潮新思维混合,2021-11-12,3.485,4.748,0.55,3.35,9.52,2.8,26.91,38.4,121.77,197.56,31.46,560.22,0.15%,http://fund.eastmoney.com/166801.html
001039,gp,嘉实先进制造股票,2021-11-12,2.407,2.407,0.25,2.95,9.41,6.69,28.85,41.42,153.9,252.93,29.34,140.7,0.15%,http://fund.eastmoney.com/001039.html
001569,hh,泰信国策驱动灵活配置混合,2021-11-12,2.48,2.48,1.31,4.2,9.4,4.73,53.85,85.63,241.6,348.46,57.46,148.0,0.15%,http://fund.eastmoney.com/001569.html
007825,hh,博道志远混合A,2021-11-12,1.9465,1.9465,0.7,1.93,9.4,4.36,22.81,24.0,90.57,,19.53,94.65,1.50%,http://fund.eastmoney.com/007825.html
660005,hh,农银中小盘混合,2021-11-12,4.6676,5.0296,0.63,1.46,9.4,5.52,14.47,22.9,115.02,179.82,11.78,449.04,0.15%,http://fund.eastmoney.com/660005.html
001366,hh,金鹰产业整合混合,2021-11-12,2.009,2.009,0.7,4.09,9.36,5.57,25.02,43.5,161.25,237.65,29.36,100.9,0.15%,http://fund.eastmoney.com/001366.html
007826,hh,博道志远混合C,2021-11-12,1.9255,1.9255,0.7,1.92,9.34,4.22,22.5,23.37,88.66,,19.0,92.55,0.00%,http://fund.eastmoney.com/007826.html
290006,hh,泰信蓝筹精选混合,2021-11-12,1.7875,2.2652,0.46,1.38,9.33,3.8,25.61,49.76,94.36,121.88,39.69,170.67,0.15%,http://fund.eastmoney.com/290006.html
001538,hh,上投摩根科技前沿灵活配置混合,2021-11-12,3.3342,3.3342,0.31,2.29,9.33,4.05,16.58,28.4,142.31,265.19,12.03,233.42,0.15%,http://fund.eastmoney.com/001538.html
660003,hh,农银平衡双利混合,2021-11-12,2.7524,3.8291,0.7,2.18,9.3,6.15,19.12,28.08,110.6,169.33,17.58,438.47,0.15%,http://fund.eastmoney.com/660003.html
010155,hh,长盛核心成长混合A,2021-11-12,1.3271,1.3271,0.47,0.36,9.3,4.12,22.61,29.38,,,18.29,32.71,0.15%,http://fund.eastmoney.com/010155.html
001825,gp,建信中国制造2025,2021-11-12,2.5856,2.5856,-0.27,2.0,9.27,7.11,21.8,40.96,145.22,221.67,26.46,158.56,0.15%,http://fund.eastmoney.com/001825.html
010156,hh,长盛核心成长混合C,2021-11-12,1.3208,1.3208,0.46,0.36,9.26,4.0,22.34,28.83,,,17.85,32.08,0.00%,http://fund.eastmoney.com/010156.html
005680,hh,财通资管价值成长混合,2021-11-12,3.1851,3.1851,0.1,1.72,9.25,3.82,32.35,41.67,167.97,,31.72,218.48,0.15%,http://fund.eastmoney.com/005680.html
375010,hh,上投摩根中国优势混合,2021-11-12,2.6437,6.8445,0.03,2.44,9.24,3.65,26.22,48.81,148.97,233.84,34.24,1270.87,0.15%,http://fund.eastmoney.com/375010.html
006051,hh,鹏扬核心价值灵活配置A,2021-11-12,2.9709,2.9709,-0.13,4.74,9.21,7.03,52.89,67.28,177.71,,42.32,197.09,0.15%,http://fund.eastmoney.com/006051.html
008276,hh,财通资管价值发现混合A,2021-11-12,2.2477,2.2477,0.24,1.99,9.17,5.07,36.39,47.02,,,36.03,124.77,0.15%,http://fund.eastmoney.com/008276.html
006052,hh,鹏扬核心价值灵活配置C,2021-11-12,2.9347,2.9347,-0.13,4.73,9.17,6.92,52.59,66.61,175.53,,41.83,193.47,0.00%,http://fund.eastmoney.com/006052.html
005638,hh,农银汇理量化智慧动力混合,2021-11-12,2.275,2.275,0.78,2.87,9.17,5.0,28.0,33.05,113.78,164.78,20.63,127.5,0.15%,http://fund.eastmoney.com/005638.html
410006,hh,华富策略精选混合,2021-11-12,2.6015,2.7615,1.04,4.41,9.16,2.28,26.06,40.98,88.51,136.74,29.38,197.96,0.15%,http://fund.eastmoney.com/410006.html
005331,hh,益民优势安享混合,2021-11-12,2.3177,2.3177,0.43,2.91,9.09,4.39,24.79,40.22,126.25,148.84,25.27,131.75,0.08%,http://fund.eastmoney.com/005331.html
167001,hh,平安鼎泰混合(LOF),2021-11-12,2.268,2.268,0.12,2.06,9.07,7.32,78.04,96.5,196.47,266.1,68.64,126.8,0.15%,http://fund.eastmoney.com/167001.html
000308,hh,建信创新中国混合,2021-11-12,6.685,6.685,0.16,4.6,9.07,5.04,40.68,55.39,138.84,230.12,38.12,568.5,0.15%,http://fund.eastmoney.com/000308.html
001008,gp,工银国企改革股票,2021-11-12,2.653,2.653,0.11,4.57,8.91,3.47,17.86,34.67,120.17,179.56,15.75,165.3,0.15%,http://fund.eastmoney.com/001008.html
001707,gp,诺安高端制造股票,2021-11-12,1.9,1.9,1.06,4.11,8.88,7.28,24.75,37.18,67.7,130.86,20.18,90.0,0.15%,http://fund.eastmoney.com/001707.html
004292,gp,鹏华沪深港互联网股票,2021-11-12,2.4186,2.4186,0.09,1.15,8.83,12.06,35.31,30.14,105.12,143.74,17.66,141.86,0.15%,http://fund.eastmoney.com/004292.html
233006,hh,大摩领先优势混合,2021-11-12,3.9609,3.9609,0.38,4.4,8.8,3.61,25.71,27.14,104.93,119.92,23.95,296.09,0.15%,http://fund.eastmoney.com/233006.html
160106,hh,南方高增长混合(LOF),2021-11-12,1.7854,4.7114,1.02,5.45,8.77,3.36,18.58,25.48,107.08,145.68,19.09,1124.43,0.15%,http://fund.eastmoney.com/160106.html
008072,gp,景顺长城创业板综指增强,2021-11-12,1.7321,1.7321,0.55,2.54,8.68,3.03,27.29,35.95,,,31.38,73.21,0.15%,http://fund.eastmoney.com/008072.html
000628,gp,大成高新技术产业股票A,2021-11-12,3.763,3.763,1.26,2.65,8.6,8.79,18.78,22.02,100.27,164.07,18.71,276.3,0.15%,http://fund.eastmoney.com/000628.html
001126,gp,上投摩根卓越制造股票,2021-11-12,1.9666,2.0961,0.48,2.8,8.59,4.43,19.74,31.44,144.98,287.59,14.63,112.4,0.15%,http://fund.eastmoney.com/001126.html
000545,hh,中邮核心竞争力灵活配置混合,2021-11-12,2.012,2.012,1.36,3.55,8.58,4.41,15.17,24.04,74.2,93.09,18.35,101.2,0.15%,http://fund.eastmoney.com/000545.html
006533,hh,易方达科融混合,2021-11-12,3.1711,3.1711,1.17,2.96,8.55,4.04,48.67,72.93,189.76,,51.86,217.11,0.15%,http://fund.eastmoney.com/006533.html
009800,hh,长盛制造精选混合A,2021-11-12,1.3319,1.3319,0.61,0.42,8.51,3.34,20.39,27.93,,,14.83,33.19,0.15%,http://fund.eastmoney.com/009800.html
005933,hh,前海联合先进制造混合A,2021-11-12,1.4355,1.7355,0.58,2.16,8.48,2.35,15.21,19.52,74.43,,10.64,75.02,0.15%,http://fund.eastmoney.com/005933.html
487016,hh,工银瑞信灵活配置混合A,2021-11-12,2.8789,3.4744,1.2,3.61,8.46,2.45,17.61,32.93,119.09,184.2,20.64,247.44,0.12%,http://fund.eastmoney.com/487016.html
009801,hh,长盛制造精选混合C,2021-11-12,1.3222,1.3222,0.61,0.41,8.45,3.18,20.03,27.15,,,14.23,32.22,0.00%,http://fund.eastmoney.com/009801.html
005934,hh,前海联合先进制造混合C,2021-11-12,1.4166,1.7166,0.58,2.16,8.44,2.25,14.98,19.04,73.06,,10.26,73.03,0.00%,http://fund.eastmoney.com/005934.html
008399,gp,华泰柏瑞中证科技ETF联接A,2021-11-12,1.6253,1.6253,0.73,2.47,8.22,2.9,16.25,21.76,,,15.03,62.53,0.10%,http://fund.eastmoney.com/008399.html
003567,hh,华夏行业景气混合,2021-11-12,3.8619,3.8619,1.65,3.98,8.2,5.63,74.07,106.13,212.63,293.31,75.52,286.19,0.15%,http://fund.eastmoney.com/003567.html
001054,gp,工银新金融股票A,2021-11-12,3.496,3.496,0.49,2.28,8.2,4.42,20.51,52.86,181.26,288.88,30.84,249.6,0.15%,http://fund.eastmoney.com/001054.html
008400,gp,华泰柏瑞中证科技ETF联接C,2021-11-12,1.6183,1.6183,0.72,2.47,8.2,2.83,16.1,21.46,,,14.78,61.83,0.00%,http://fund.eastmoney.com/008400.html
001158,gp,工银新材料新能源股票,2021-11-12,1.875,1.875,0.86,3.02,8.19,2.85,31.67,56.77,172.13,233.63,35.28,87.5,0.15%,http://fund.eastmoney.com/001158.html
000136,hh,民生加银策略精选混合A,2021-11-12,5.45,5.811,-0.47,1.53,8.18,6.47,14.02,19.65,98.25,177.07,9.53,534.55,0.15%,http://fund.eastmoney.com/000136.html
009474,hh,国泰致远优势混合,2021-11-12,1.4777,1.4777,1.49,2.45,8.17,6.32,16.18,42.57,,,33.54,47.77,0.15%,http://fund.eastmoney.com/009474.html
163807,hh,中银优选灵活配置混合A,2021-11-12,2.053,3.8007,0.53,2.54,8.17,7.49,36.54,44.64,150.21,242.9,34.67,632.0,0.15%,http://fund.eastmoney.com/163807.html
519997,hh,长信银利精选混合,2021-11-12,1.413,4.1116,0.51,5.3,8.16,4.42,24.25,43.34,118.57,163.81,37.84,1031.23,0.15%,http://fund.eastmoney.com/519997.html
370027,hh,上投摩根智选30混合,2021-11-12,4.042,4.351,0.37,2.41,8.12,4.11,17.87,25.18,134.49,250.43,10.33,374.13,0.15%,http://fund.eastmoney.com/370027.html
007689,hh,国投瑞银新能源混合A,2021-11-12,3.4686,3.5386,0.57,4.84,8.11,4.48,70.74,94.0,,,65.99,269.93,0.15%,http://fund.eastmoney.com/007689.html
007690,hh,国投瑞银新能源混合C,2021-11-12,3.4412,3.5112,0.56,4.83,8.07,4.37,70.4,93.23,,,65.41,267.02,0.00%,http://fund.eastmoney.com/007690.html
004997,gp,广发高端制造股票A,2021-11-12,3.2551,3.2551,1.26,3.26,8.06,3.83,18.11,29.06,225.51,337.98,23.12,225.48,0.15%,http://fund.eastmoney.com/004997.html
009707,hh,工银新兴制造混合A,2021-11-12,1.6354,1.6354,0.23,2.11,8.06,7.46,24.68,57.01,,,30.56,63.54,0.15%,http://fund.eastmoney.com/009707.html
009708,hh,工银新兴制造混合C,2021-11-12,1.6275,1.6275,0.23,2.11,8.03,7.35,24.43,56.4,,,30.12,62.75,0.00%,http://fund.eastmoney.com/009708.html
110009,hh,易方达价值精选混合,2021-11-12,1.6719,4.0429,0.75,1.51,8.03,6.95,16.02,27.82,97.42,149.15,18.15,814.86,0.15%,http://fund.eastmoney.com/110009.html
010160,gp,广发高端制造股票C,2021-11-12,3.2411,3.2411,1.26,3.26,8.02,3.72,17.87,28.55,,,22.69,48.06,0.00%,http://fund.eastmoney.com/010160.html
001445,hh,华安国企改革主题灵活配置混合,2021-11-12,4.069,4.069,1.34,2.55,7.99,11.94,20.42,34.51,128.85,254.44,24.47,306.9,0.15%,http://fund.eastmoney.com/001445.html
003834,gp,华夏能源革新股票A,2021-11-12,4.043,4.043,-0.32,2.17,7.96,3.43,51.03,101.55,322.91,387.7,49.57,304.3,0.15%,http://fund.eastmoney.com/003834.html
540008,gp,汇丰晋信低碳先锋股票A,2021-11-12,4.5367,4.6367,-0.45,2.7,7.96,4.66,42.19,88.65,327.75,362.13,44.02,394.73,0.15%,http://fund.eastmoney.com/540008.html
